design_id,position,designed_triplet,protein
0,29,NET,2RN2_A
0,40,NST,2RN2_A
0,149,NFS,2RN2_A
3,29,NET,2RN2_A
7,124,NGS,2RN2_A
11,29,NET,2RN2_A
14,29,NET,2RN2_A
16,124,NGS,2RN2_A
17,124,NGS,2RN2_A
18,124,NGS,2RN2_A
19,1,NET,2RN2_A
22,29,NET,2RN2_A
26,124,NKS,2RN2_A
31,29,NET,2RN2_A
31,114,NLT,2RN2_A
1,177,NQS,1A8E_A
1,227,NTT,1A8E_A
1,305,NTT,1A8E_A
2,227,NTT,1A8E_A
2,305,NTT,1A8E_A
3,227,NTT,1A8E_A
3,305,NTT,1A8E_A
4,177,NQS,1A8E_A
4,227,NTT,1A8E_A
4,305,NTT,1A8E_A
5,227,NTT,1A8E_A
5,305,NTT,1A8E_A
7,227,NTT,1A8E_A
7,305,NTT,1A8E_A
8,177,NKS,1A8E_A
8,305,NTT,1A8E_A
9,177,NKS,1A8E_A
9,227,NTT,1A8E_A
11,305,NTT,1A8E_A
12,305,NTT,1A8E_A
13,305,NTT,1A8E_A
14,227,NTT,1A8E_A
15,227,NTT,1A8E_A
15,305,NTT,1A8E_A
17,305,NTT,1A8E_A
18,177,NQS,1A8E_A
18,305,NTT,1A8E_A
19,227,NTT,1A8E_A
20,305,NTT,1A8E_A
23,227,NTT,1A8E_A
23,305,NTT,1A8E_A
24,227,NTT,1A8E_A
25,227,NTT,1A8E_A
26,177,NHS,1A8E_A
26,305,NTT,1A8E_A
27,227,NTT,1A8E_A
27,305,NTT,1A8E_A
28,305,NTT,1A8E_A
29,227,NTT,1A8E_A
29,305,NTT,1A8E_A
30,305,NTT,1A8E_A
31,227,NTT,1A8E_A
31,305,NTT,1A8E_A
0,78,NCS,1BWI_A
4,70,NAT,1BWI_A
4,78,NCS,1BWI_A
7,70,NAT,1BWI_A
8,78,NCT,1BWI_A
11,78,NCS,1BWI_A
12,70,NAT,1BWI_A
17,78,NCS,1BWI_A
18,78,NCS,1BWI_A
23,78,NCS,1BWI_A
24,78,NCS,1BWI_A
26,70,NAT,1BWI_A
26,78,NCS,1BWI_A
27,70,NAT,1BWI_A
27,78,NCS,1BWI_A
31,78,NCS,1BWI_A
