design_id,position,native_triplet,designed_triplet,was_native_sequon,protein,sequence_length
0,29,GRE,NET,False,2RN2_A,155
0,40,RTT,NST,False,2RN2_A,155
0,149,GYQ,NFS,False,2RN2_A,155
3,29,GRE,NET,False,2RN2_A,155
7,124,AGH,NGS,False,2RN2_A,155
11,29,GRE,NET,False,2RN2_A,155
14,29,GRE,NET,False,2RN2_A,155
16,124,AGH,NGS,False,2RN2_A,155
17,124,AGH,NGS,False,2RN2_A,155
18,124,AGH,NGS,False,2RN2_A,155
19,1,LKQ,NET,False,2RN2_A,155
22,29,GRE,NET,False,2RN2_A,155
26,124,AGH,NKS,False,2RN2_A,155
31,29,GRE,NET,False,2RN2_A,155
31,114,QIK,NLT,False,2RN2_A,155
1,177,STL,NQS,False,1A8E_A,329
1,227,NTR,NTT,False,1A8E_A,329
1,305,RMD,NTT,False,1A8E_A,329
2,227,NTR,NTT,False,1A8E_A,329
2,305,RMD,NTT,False,1A8E_A,329
3,227,NTR,NTT,False,1A8E_A,329
3,305,RMD,NTT,False,1A8E_A,329
4,177,STL,NQS,False,1A8E_A,329
4,227,NTR,NTT,False,1A8E_A,329
4,305,RMD,NTT,False,1A8E_A,329
5,227,NTR,NTT,False,1A8E_A,329
5,305,RMD,NTT,False,1A8E_A,329
7,227,NTR,NTT,False,1A8E_A,329
7,305,RMD,NTT,False,1A8E_A,329
8,177,STL,NKS,False,1A8E_A,329
8,305,RMD,NTT,False,1A8E_A,329
9,177,STL,NKS,False,1A8E_A,329
9,227,NTR,NTT,False,1A8E_A,329
11,305,RMD,NTT,False,1A8E_A,329
12,305,RMD,NTT,False,1A8E_A,329
13,305,RMD,NTT,False,1A8E_A,329
14,227,NTR,NTT,False,1A8E_A,329
15,227,NTR,NTT,False,1A8E_A,329
15,305,RMD,NTT,False,1A8E_A,329
17,305,RMD,NTT,False,1A8E_A,329
18,177,STL,NQS,False,1A8E_A,329
18,305,RMD,NTT,False,1A8E_A,329
19,227,NTR,NTT,False,1A8E_A,329
20,305,RMD,NTT,False,1A8E_A,329
23,227,NTR,NTT,False,1A8E_A,329
23,305,RMD,NTT,False,1A8E_A,329
24,227,NTR,NTT,False,1A8E_A,329
25,227,NTR,NTT,False,1A8E_A,329
26,177,STL,NHS,False,1A8E_A,329
26,305,RMD,NTT,False,1A8E_A,329
27,227,NTR,NTT,False,1A8E_A,329
27,305,RMD,NTT,False,1A8E_A,329
28,305,RMD,NTT,False,1A8E_A,329
29,227,NTR,NTT,False,1A8E_A,329
29,305,RMD,NTT,False,1A8E_A,329
30,305,RMD,NTT,False,1A8E_A,329
31,227,NTR,NTT,False,1A8E_A,329
31,305,RMD,NTT,False,1A8E_A,329
0,78,PCS,NCS,False,1BWI_A,129
4,70,GSR,NAT,False,1BWI_A,129
4,78,PCS,NCS,False,1BWI_A,129
7,70,GSR,NAT,False,1BWI_A,129
8,78,PCS,NCT,False,1BWI_A,129
11,78,PCS,NCS,False,1BWI_A,129
12,70,GSR,NAT,False,1BWI_A,129
17,78,PCS,NCS,False,1BWI_A,129
18,78,PCS,NCS,False,1BWI_A,129
23,78,PCS,NCS,False,1BWI_A,129
24,78,PCS,NCS,False,1BWI_A,129
26,70,GSR,NAT,False,1BWI_A,129
26,78,PCS,NCS,False,1BWI_A,129
27,70,GSR,NAT,False,1BWI_A,129
27,78,PCS,NCS,False,1BWI_A,129
31,78,PCS,NCS,False,1BWI_A,129
