pair_id,protein_class,pdb_id,chain_id,uniprot_id,protein_name,organism,pdb_path,sequence,glycosite_positions,n_glycosites,sequence_score,entropy,sequence_length,mean_confidence
1,glycoprotein,1HZH,A,P01857,IgG1 Fc fragment,Homo sapiens,/Users/lauradillon/PycharmProjects/inverse_fold/Cleaned_research_flow/0_Main_data/Final_Paper_Folder/protein-design-bias/data/glyco_benchmark/raw/glycoproteins/1HZH_A.pdb,QVQLVQSGAEVKKPGASVKVSCQASGYRFSNFVIHWVRQAPGQRFEWMGWINPYNGNKEFSAKFQDRVTFTADTSANTAYMELRSLRSADTAVYYCARVGPYSWDDSPQDNYYMDVWGKGTTVIVSSASTKGPSVFPLAPSSKSTSGGTAALGCLVKDYFPEPVTVSWNSGALTSGVHTFPAVLQSSGLYSLSSVVTVPSSSLGTQTYICNVNHKPSNTKVDKKAEPKSCDKTHTCPPCPAPELLGGPSVFLFPPKPKDTLMISRTPEVTCVVVDVSHEDPEVKFNWYVDGVEVHNAKTKPREEQYNSTYRVVSVLTVLHQDWLNGKEYKCKVSNKALPAPIEKTISKAKGQPREPQVYTLPPSRDELTKNQVSLTCLVKGFYPSDIAVEWESNGQPENNYKTTPPVLDSDGSFFLYSKLTVDKSRWQQGNVFSCSVMHEALHNHYTQKSLSLSPGKQVQLVQSGAEVKKPGASVKVSCQASGYRFSNFVIHWVRQAPGQRFEWMGWINPYNGNKEFSAKFQDRVTFTADTSANTAYMELRSLRSADTAVYYCARVGPYSWDDSPQDNYYMDVWGKGTTVIVSSASTKGPSVFPLAPSSKSTSGGTAALGCLVKDYFPEPVTVSWNSGALTSGVHTFPAVLQSSGLYSLSSVVTVPSSSLGTQTYICNVNHKPSNTKVDKKAEPKSCDKTHTCPPCPAPELLGGPSVFLFPPKPKDTLMISRTPEVTCVVVDVSHEDPEVKFNWYVDGVEVHNAKTKPREEQYNSTYRVVSVLTVLHQDWLNGKEYKCKVSNKALPAPIEKTISKAKGQPREPQVYTLPPSRDELTKNQVSLTCLVKGFYPSDIAVEWESNGQPENNYKTTPPVLDSDGSFFLYSKLTVDKSRWQQGNVFSCSVMHEALHNHYTQKSLSLSPGKEIVLTQSPGTLSLSPGERATFSCRSSHSIRSRRVAWYQHKPGQAPRLVIHGVSNRASGISDRFSGSGSGTDFTLTITRVEPEDFALYYCQVYGASSYTFGQGTKLERKRTVAAPSVFIFPPSDEQLKSGTASVVCLLNNFYPREAKVQWKVDNALQSGNSQESVTEQDSKDSTYSLSSTLTLSKADYEKHKVYACEVTHQGLRSPVTKSFNRGECEIVLTQSPGTLSLSPGERATFSCRSSHSIRSRRVAWYQHKPGQAPRLVIHGVSNRASGISDRFSGSGSGTDFTLTITRVEPEDFALYYCQVYGASSYTFGQGTKLERKRTVAAPSVFIFPPSDEQLKSGTASVVCLLNNFYPREAKVQWKVDNALQSGNSQESVTEQDSKDSTYSLSSTLTLSKADYEKHKVYACEVTHQGLRSPVTKSFNRGEC,297,1,,,1344.0,
1,glycoprotein,1HZH,A,P01857,IgG1 Fc fragment,Homo sapiens,/Users/lauradillon/PycharmProjects/inverse_fold/Cleaned_research_flow/0_Main_data/Final_Paper_Folder/protein-design-bias/data/glyco_benchmark/raw/glycoproteins/1HZH_A.pdb,QVQLVQSGAEVKKPGASVKVSCQASGYRFSNFVIHWVRQAPGQRFEWMGWINPYNGNKEFSAKFQDRVTFTADTSANTAYMELRSLRSADTAVYYCARVGPYSWDDSPQDNYYMDVWGKGTTVIVSSASTKGPSVFPLAPSSKSTSGGTAALGCLVKDYFPEPVTVSWNSGALTSGVHTFPAVLQSSGLYSLSSVVTVPSSSLGTQTYICNVNHKPSNTKVDKKAEPKSCDKTHTCPPCPAPELLGGPSVFLFPPKPKDTLMISRTPEVTCVVVDVSHEDPEVKFNWYVDGVEVHNAKTKPREEQYNSTYRVVSVLTVLHQDWLNGKEYKCKVSNKALPAPIEKTISKAKGQPREPQVYTLPPSRDELTKNQVSLTCLVKGFYPSDIAVEWESNGQPENNYKTTPPVLDSDGSFFLYSKLTVDKSRWQQGNVFSCSVMHEALHNHYTQKSLSLSPGKQVQLVQSGAEVKKPGASVKVSCQASGYRFSNFVIHWVRQAPGQRFEWMGWINPYNGNKEFSAKFQDRVTFTADTSANTAYMELRSLRSADTAVYYCARVGPYSWDDSPQDNYYMDVWGKGTTVIVSSASTKGPSVFPLAPSSKSTSGGTAALGCLVKDYFPEPVTVSWNSGALTSGVHTFPAVLQSSGLYSLSSVVTVPSSSLGTQTYICNVNHKPSNTKVDKKAEPKSCDKTHTCPPCPAPELLGGPSVFLFPPKPKDTLMISRTPEVTCVVVDVSHEDPEVKFNWYVDGVEVHNAKTKPREEQYNSTYRVVSVLTVLHQDWLNGKEYKCKVSNKALPAPIEKTISKAKGQPREPQVYTLPPSRDELTKNQVSLTCLVKGFYPSDIAVEWESNGQPENNYKTTPPVLDSDGSFFLYSKLTVDKSRWQQGNVFSCSVMHEALHNHYTQKSLSLSPGKEIVLTQSPGTLSLSPGERATFSCRSSHSIRSRRVAWYQHKPGQAPRLVIHGVSNRASGISDRFSGSGSGTDFTLTITRVEPEDFALYYCQVYGASSYTFGQGTKLERKRTVAAPSVFIFPPSDEQLKSGTASVVCLLNNFYPREAKVQWKVDNALQSGNSQESVTEQDSKDSTYSLSSTLTLSKADYEKHKVYACEVTHQGLRSPVTKSFNRGECEIVLTQSPGTLSLSPGERATFSCRSSHSIRSRRVAWYQHKPGQAPRLVIHGVSNRASGISDRFSGSGSGTDFTLTITRVEPEDFALYYCQVYGASSYTFGQGTKLERKRTVAAPSVFIFPPSDEQLKSGTASVVCLLNNFYPREAKVQWKVDNALQSGNSQESVTEQDSKDSTYSLSSTLTLSKADYEKHKVYACEVTHQGLRSPVTKSFNRGEC,297,1,-1.650819182395935,1.8402398824691772,442.0,0.4525736570358276
2,glycoprotein,3SGJ,A,P0DOX5,IgG1 Fc (complex glycan),Homo sapiens,/Users/lauradillon/PycharmProjects/inverse_fold/Cleaned_research_flow/0_Main_data/Final_Paper_Folder/protein-design-bias/data/glyco_benchmark/raw/glycoproteins/3SGJ_A.pdb,,297,1,,,,
3,glycoprotein,1DN2,A,P01857,IgG1 Fc (biantennary),Homo sapiens,/Users/lauradillon/PycharmProjects/inverse_fold/Cleaned_research_flow/0_Main_data/Final_Paper_Folder/protein-design-bias/data/glyco_benchmark/raw/glycoproteins/1DN2_A.pdb,GPSVFLFPPKPKDTLMISRTPEVTCVVVDVSHENPEVKFNWYVDGVEVHNAKTKPREEQYNSTYRVVSVLTVLHQDWLNGKEYKCKVSNKALPAPIEKTISKAKGQPREPQVYTLPPSREEMTKNQVSLTCLVKGFYPSDIAVEWESNGQPENNYKTTPPVLDSDGSFFLYSKLTVDKSRWQQGNVFSCSVMHEALHNHYTQKSLSLDCAWHLGELVWCTXGPSVFLFPPKPKDTLMISRTPEVTCVVVDVSHENPEVKFNWYVDGVEVHNAKTKPREEQYNSTYRVVSVLTVLHQDWLNGKEYKCKVSNKALPAPIEKTISKAKGQPREPQVYTLPPSREEMTKNQVSLTCLVKGFYPSDIAVEWESNGQPENNYKTTPPVLDSDGSFFLYSKLTVDKSRWQQGNVFSCSVMHEALHNHYTQKSLSLDCAWHLGELVWCTX,297,1,,,1344.0,
3,glycoprotein,1DN2,A,P01857,IgG1 Fc (biantennary),Homo sapiens,/Users/lauradillon/PycharmProjects/inverse_fold/Cleaned_research_flow/0_Main_data/Final_Paper_Folder/protein-design-bias/data/glyco_benchmark/raw/glycoproteins/1DN2_A.pdb,GPSVFLFPPKPKDTLMISRTPEVTCVVVDVSHENPEVKFNWYVDGVEVHNAKTKPREEQYNSTYRVVSVLTVLHQDWLNGKEYKCKVSNKALPAPIEKTISKAKGQPREPQVYTLPPSREEMTKNQVSLTCLVKGFYPSDIAVEWESNGQPENNYKTTPPVLDSDGSFFLYSKLTVDKSRWQQGNVFSCSVMHEALHNHYTQKSLSLDCAWHLGELVWCTXGPSVFLFPPKPKDTLMISRTPEVTCVVVDVSHENPEVKFNWYVDGVEVHNAKTKPREEQYNSTYRVVSVLTVLHQDWLNGKEYKCKVSNKALPAPIEKTISKAKGQPREPQVYTLPPSREEMTKNQVSLTCLVKGFYPSDIAVEWESNGQPENNYKTTPPVLDSDGSFFLYSKLTVDKSRWQQGNVFSCSVMHEALHNHYTQKSLSLDCAWHLGELVWCTX,297,1,-1.650819182395935,1.8402398824691772,442.0,0.4525736570358276
4,glycoprotein,1RBX,A,P00724,Ribonuclease B,Bos taurus,/Users/lauradillon/PycharmProjects/inverse_fold/Cleaned_research_flow/0_Main_data/Final_Paper_Folder/protein-design-bias/data/glyco_benchmark/raw/glycoproteins/1RBX_A.pdb,,34,1,-1.6769336462020874,1.942576885223389,155.0,0.4093258082866668
5,glycoprotein,2RN2,A,P00724,Ribonuclease B (native),Bos taurus,/Users/lauradillon/PycharmProjects/inverse_fold/Cleaned_research_flow/0_Main_data/Final_Paper_Folder/protein-design-bias/data/glyco_benchmark/raw/glycoproteins/2RN2_A.pdb,MLKQVEIFTDGSCLGNPGPGGYGAILRYRGREKTFSAGYTRTTNNRMELMAAIVALEALKEHCEVILSTDSQYVRQGITQWIHNWKKRGWKTADKKPVKNVDLWQRLDAALGQHQIKWEWVKGHAGHPENERCDELARAAAMNPTLEDTGYQVEV,34,1,-1.6769336462020874,1.942576885223389,155.0,0.4093258082866668
6,glycoprotein,1A8E,A,P02787,Serotransferrin,Homo sapiens,/Users/lauradillon/PycharmProjects/inverse_fold/Cleaned_research_flow/0_Main_data/Final_Paper_Folder/protein-design-bias/data/glyco_benchmark/raw/glycoproteins/1A8E_A.pdb,DKTVRWCAVSEHEATKCQSFRDHMKSVIPSDGPSVACVKKASYLDCIRAIAANEADAVTLDAGLVYDAYLAPNNLKPVVAEFYGSKEDPQTFYYAVAVVKKDSGFQMNQLRGKKSCHTGLGRSAGWNIPIGLLYCDLPEPRKPLEKAVANFFSGSCAPCADGTDFPQLCQLCPGCGCSTLNQYFGYSGAFKCLKDGAGDVAFVKHSTIFENLANKADRDQYELLCLDNTRKPVDEYKDCHLAQVPSHTVVARSMGGKEDLIWELLNQAQEHFGKDKSKEFQLFSSPHGKDLLFKDSAHGFLKVPPRMDAKMYLGYEYVTAIRNLREGTC,"413,611",2,-1.5928007364273071,1.7246313095092771,329.0,0.4848403632640838
7,glycoprotein,3V83,A,P01023,Alpha-2-macroglobulin,Homo sapiens,/Users/lauradillon/PycharmProjects/inverse_fold/Cleaned_research_flow/0_Main_data/Final_Paper_Folder/protein-design-bias/data/glyco_benchmark/raw/glycoproteins/3V83_A.pdb,MRLAVGALLVCAVLGLCLAVPDKTVRWCAVSEHEATKCQSFRDHMKSVIPSDGPSVACVKKASYLDCIRAIAANEADAVTLDAGLVYDAYLAPNNLKPVVAEFYGSKEDPQTFYYAVAVVKKDSGFQMNQLRGKKSCHTGLGRSAGWNIPIGLLYCDLPEPRKPLEKAVANFFSGSCAPCADGTDFPQLCQLCPGCGCSTLNQYFGYSGAFKCLKDGAGDVAFVKHSTIFENLANKADRDQYELLCLDNTRKPVDEYKDCHLAQVPSHTVVARSMGGKEDLIWELLNQAQEHFGKDKSKEFQLFSSPHGKDLLFKDSAHGFLKVPPRMDAKMYLGYEYVTAIRNLREGTCPEAPTDECKPVKWCALSHHERLKCDEWSVNSVGKIECVSAETTEDCIAKIMNGEADAMSLDGGFVYIAGKCGLVPVLAENYNKSDNCEDTPEAGYFAVAVVKKSASDLTWDNLKGKKSCHTAVGRTAGWNIPMGLLYNKINHCRFDEFFSEGCAPGSKKDSSLCKLCMGSGLNLCEPNNKEGYYGYTGAFRCLVEKGDVAFVKHQTVPQNTGGKNPDPWAKNLNEKDYELLCLDGTRKPVEEYANCHLARAPNHAVVTRKDKEACVHKILRQQQHLFGSNVTDCSGNFCLFRSETKDLLFRDDTVCLAKLHDRNTYEKYLGEEYVKAVGNLRKCSTSSLLEACTFRRPMRLAVGALLVCAVLGLCLAVPDKTVRWCAVSEHEATKCQSFRDHMKSVIPSDGPSVACVKKASYLDCIRAIAANEADAVTLDAGLVYDAYLAPNNLKPVVAEFYGSKEDPQTFYYAVAVVKKDSGFQMNQLRGKKSCHTGLGRSAGWNIPIGLLYCDLPEPRKPLEKAVANFFSGSCAPCADGTDFPQLCQLCPGCGCSTLNQYFGYSGAFKCLKDGAGDVAFVKHSTIFENLANKADRDQYELLCLDNTRKPVDEYKDCHLAQVPSHTVVARSMGGKEDLIWELLNQAQEHFGKDKSKEFQLFSSPHGKDLLFKDSAHGFLKVPPRMDAKMYLGYEYVTAIRNLREGTCPEAPTDECKPVKWCALSHHERLKCDEWSVNSVGKIECVSAETTEDCIAKIMNGEADAMSLDGGFVYIAGKCGLVPVLAENYNKSDNCEDTPEAGYFAVAVVKKSASDLTWDNLKGKKSCHTAVGRTAGWNIPMGLLYNKINHCRFDEFFSEGCAPGSKKDSSLCKLCMGSGLNLCEPNNKEGYYGYTGAFRCLVEKGDVAFVKHQTVPQNTGGKNPDPWAKNLNEKDYELLCLDGTRKPVEEYANCHLARAPNHAVVTRKDKEACVHKILRQQQHLFGSNVTDCSGNFCLFRSETKDLLFRDDTVCLAKLHDRNTYEKYLGEEYVKAVGNLRKCSTSSLLEACTFRRPMRLAVGALLVCAVLGLCLAVPDKTVRWCAVSEHEATKCQSFRDHMKSVIPSDGPSVACVKKASYLDCIRAIAANEADAVTLDAGLVYDAYLAPNNLKPVVAEFYGSKEDPQTFYYAVAVVKKDSGFQMNQLRGKKSCHTGLGRSAGWNIPIGLLYCDLPEPRKPLEKAVANFFSGSCAPCADGTDFPQLCQLCPGCGCSTLNQYFGYSGAFKCLKDGAGDVAFVKHSTIFENLANKADRDQYELLCLDNTRKPVDEYKDCHLAQVPSHTVVARSMGGKEDLIWELLNQAQEHFGKDKSKEFQLFSSPHGKDLLFKDSAHGFLKVPPRMDAKMYLGYEYVTAIRNLREGTCPEAPTDECKPVKWCALSHHERLKCDEWSVNSVGKIECVSAETTEDCIAKIMNGEADAMSLDGGFVYIAGKCGLVPVLAENYNKSDNCEDTPEAGYFAVAVVKKSASDLTWDNLKGKKSCHTAVGRTAGWNIPMGLLYNKINHCRFDEFFSEGCAPGSKKDSSLCKLCMGSGLNLCEPNNKEGYYGYTGAFRCLVEKGDVAFVKHQTVPQNTGGKNPDPWAKNLNEKDYELLCLDGTRKPVEEYANCHLARAPNHAVVTRKDKEACVHKILRQQQHLFGSNVTDCSGNFCLFRSETKDLLFRDDTVCLAKLHDRNTYEKYLGEEYVKAVGNLRKCSTSSLLEACTFRRPMRLAVGALLVCAVLGLCLAVPDKTVRWCAVSEHEATKCQSFRDHMKSVIPSDGPSVACVKKASYLDCIRAIAANEADAVTLDAGLVYDAYLAPNNLKPVVAEFYGSKEDPQTFYYAVAVVKKDSGFQMNQLRGKKSCHTGLGRSAGWNIPIGLLYCDLPEPRKPLEKAVANFFSGSCAPCADGTDFPQLCQLCPGCGCSTLNQYFGYSGAFKCLKDGAGDVAFVKHSTIFENLANKADRDQYELLCLDNTRKPVDEYKDCHLAQVPSHTVVARSMGGKEDLIWELLNQAQEHFGKDKSKEFQLFSSPHGKDLLFKDSAHGFLKVPPRMDAKMYLGYEYVTAIRNLREGTCPEAPTDECKPVKWCALSHHERLKCDEWSVNSVGKIECVSAETTEDCIAKIMNGEADAMSLDGGFVYIAGKCGLVPVLAENYNKSDNCEDTPEAGYFAVAVVKKSASDLTWDNLKGKKSCHTAVGRTAGWNIPMGLLYNKINHCRFDEFFSEGCAPGSKKDSSLCKLCMGSGLNLCEPNNKEGYYGYTGAFRCLVEKGDVAFVKHQTVPQNTGGKNPDPWAKNLNEKDYELLCLDGTRKPVEEYANCHLARAPNHAVVTRKDKEACVHKILRQQQHLFGSNVTDCSGNFCLFRSETKDLLFRDDTVCLAKLHDRNTYEKYLGEEYVKAVGNLRKCSTSSLLEACTFRRPMRLAVGALLVCAVLGLCLAVPDKTVRWCAVSEHEATKCQSFRDHMKSVIPSDGPSVACVKKASYLDCIRAIAANEADAVTLDAGLVYDAYLAPNNLKPVVAEFYGSKEDPQTFYYAVAVVKKDSGFQMNQLRGKKSCHTGLGRSAGWNIPIGLLYCDLPEPRKPLEKAVANFFSGSCAPCADGTDFPQLCQLCPGCGCSTLNQYFGYSGAFKCLKDGAGDVAFVKHSTIFENLANKADRDQYELLCLDNTRKPVDEYKDCHLAQVPSHTVVARSMGGKEDLIWELLNQAQEHFGKDKSKEFQLFSSPHGKDLLFKDSAHGFLKVPPRMDAKMYLGYEYVTAIRNLREGTCPEAPTDECKPVKWCALSHHERLKCDEWSVNSVGKIECVSAETTEDCIAKIMNGEADAMSLDGGFVYIAGKCGLVPVLAENYNKSDNCEDTPEAGYFAVAVVKKSASDLTWDNLKGKKSCHTAVGRTAGWNIPMGLLYNKINHCRFDEFFSEGCAPGSKKDSSLCKLCMGSGLNLCEPNNKEGYYGYTGAFRCLVEKGDVAFVKHQTVPQNTGGKNPDPWAKNLNEKDYELLCLDGTRKPVEEYANCHLARAPNHAVVTRKDKEACVHKILRQQQHLFGSNVTDCSGNFCLFRSETKDLLFRDDTVCLAKLHDRNTYEKYLGEEYVKAVGNLRKCSTSSLLEACTFRRPMRLAVGALLVCAVLGLCLAVPDKTVRWCAVSEHEATKCQSFRDHMKSVIPSDGPSVACVKKASYLDCIRAIAANEADAVTLDAGLVYDAYLAPNNLKPVVAEFYGSKEDPQTFYYAVAVVKKDSGFQMNQLRGKKSCHTGLGRSAGWNIPIGLLYCDLPEPRKPLEKAVANFFSGSCAPCADGTDFPQLCQLCPGCGCSTLNQYFGYSGAFKCLKDGAGDVAFVKHSTIFENLANKADRDQYELLCLDNTRKPVDEYKDCHLAQVPSHTVVARSMGGKEDLIWELLNQAQEHFGKDKSKEFQLFSSPHGKDLLFKDSAHGFLKVPPRMDAKMYLGYEYVTAIRNLREGTCPEAPTDECKPVKWCALSHHERLKCDEWSVNSVGKIECVSAETTEDCIAKIMNGEADAMSLDGGFVYIAGKCGLVPVLAENYNKSDNCEDTPEAGYFAVAVVKKSASDLTWDNLKGKKSCHTAVGRTAGWNIPMGLLYNKINHCRFDEFFSEGCAPGSKKDSSLCKLCMGSGLNLCEPNNKEGYYGYTGAFRCLVEKGDVAFVKHQTVPQNTGGKNPDPWAKNLNEKDYELLCLDGTRKPVEEYANCHLARAPNHAVVTRKDKEACVHKILRQQQHLFGSNVTDCSGNFCLFRSETKDLLFRDDTVCLAKLHDRNTYEKYLGEEYVKAVGNLRKCSTSSLLEACTFRRP,"396,410,869",3,-3.9630885124206543,1.7817034721374512,4188.0,0.469986230134964
8,glycoprotein,1RUZ,A,P03452,Influenza hemagglutinin,Influenza A virus,/Users/lauradillon/PycharmProjects/inverse_fold/Cleaned_research_flow/0_Main_data/Final_Paper_Folder/protein-design-bias/data/glyco_benchmark/raw/glycoproteins/1RUZ_A.pdb,ATNADTICIGYHANNSTDTVDTVLEKNVTVTHSVNLLEDSHNGKLCKLKGIAPLQLGKCNIAGWLLGNPECDLLLTASSWSYIVETSNSENGTCYPGDFIDYEELREQLSSVSSFEKFEIFPKTSSWPNHETTKGVTAACSYAGASSFYRNLLWLTKKGSSYPKLSKSYVNNKGKEVLVLWGVHHPPTGTDQQSLYQNADAYVSVGSSKYNRRFTPEIAARPKVRDQAGRMNYYWTLLEPGDTITFEATGNLIAPWYAFALNRGSGSGIITSDAPVHDCNTKCQTPHGAINSSLPFQNIHPVTIGECPKYVRSTKLRMATGLRNIPARGLFGAIAGFIEGGWTGMIDGWYGYHHQNEQGSGYAADQKSTQNAIDGITNKVNSVIEKMNTQFTAVGKEFNNLERRIENLNKKVDDGFLDIWTYNAELLVLLENERTLDFHDSNVRNLYEKVKSQLKNNAKEIGNGCFEFYHKCDDACMESVRNGTYDYPATNADTICIGYHANNSTDTVDTVLEKNVTVTHSVNLLEDSHNGKLCKLKGIAPLQLGKCNIAGWLLGNPECDLLLTASSWSYIVETSNSENGTCYPGDFIDYEELREQLSSVSSFEKFEIFPKTSSWPNHETTKGVTAACSYAGASSFYRNLLWLTKKGSSYPKLSKSYVNNKGKEVLVLWGVHHPPTGTDQQSLYQNADAYVSVGSSKYNRRFTPEIAARPKVRDQAGRMNYYWTLLEPGDTITFEATGNLIAPWYAFALNRGSGSGIITSDAPVHDCNTKCQTPHGAINSSLPFQNIHPVTIGECPKYVRSTKLRMATGLRNIPARGLFGAIAGFIEGGWTGMIDGWYGYHHQNEQGSGYAADQKSTQNAIDGITNKVNSVIEKMNTQFTAVGKEFNNLERRIENLNKKVDDGFLDIWTYNAELLVLLENERTLDFHDSNVRNLYEKVKSQLKNNAKEIGNGCFEFYHKCDDACMESVRNGTYDYPATNADTICIGYHANNSTDTVDTVLEKNVTVTHSVNLLEDSHNGKLCKLKGIAPLQLGKCNIAGWLLGNPECDLLLTASSWSYIVETSNSENGTCYPGDFIDYEELREQLSSVSSFEKFEIFPKTSSWPNHETTKGVTAACSYAGASSFYRNLLWLTKKGSSYPKLSKSYVNNKGKEVLVLWGVHHPPTGTDQQSLYQNADAYVSVGSSKYNRRFTPEIAARPKVRDQAGRMNYYWTLLEPGDTITFEATGNLIAPWYAFALNRGSGSGIITSDAPVHDCNTKCQTPHGAINSSLPFQNIHPVTIGECPKYVRSTKLRMATGLRNIPARGLFGAIAGFIEGGWTGMIDGWYGYHHQNEQGSGYAADQKSTQNAIDGITNKVNSVIEKMNTQFTAVGKEFNNLERRIENLNKKVDDGFLDIWTYNAELLVLLENERTLDFHDSNVRNLYEKVKSQLKNNAKEIGNGCFEFYHKCDDACMESVRNGTYDYP,"27,28",2,,,1464.0,
9,glycoprotein,3TIH,G,P04578,HIV-1 gp120 core,Human immunodeficiency virus 1,/Users/lauradillon/PycharmProjects/inverse_fold/Cleaned_research_flow/0_Main_data/Final_Paper_Folder/protein-design-bias/data/glyco_benchmark/raw/glycoproteins/3TIH_G.pdb,VWKEAKTTLFCASDAKSYEREVHNVWATHACVPTDPDPQELVMANVTENFNMWKNDMVDQMHEDIISLWDQSLKPCVKLTGGSTITQACPKVSFDPIPIHYCAPAGYAILKCNNKTFSGKGPCSNVSTVQCTHGIRPVVSTQLLLNGSLAEEEIVIRSENLTDNAKTIIVHLNKSVEIECIRPGNGGSGSGGDIRKAYCKINGSEWNETLTKVSEKLKEYFNKTIRFAQHSGGDLEVTTHSFNCRGEFFYCNTSELFNSNATESNITLPCRIKQIINMWQGVGRAMYAPPIRGEIKCTSNITGILLTRDGGNNNNSTEEIFRPEGGNMRDNWRSELYKYKVVEIKVWKEAKTTLFCASDAKSYEREVHNVWATHACVPTDPDPQELVMANVTENFNMWKNDMVDQMHEDIISLWDQSLKPCVKLTGGSTITQACPKVSFDPIPIHYCAPAGYAILKCNNKTFSGKGPCSNVSTVQCTHGIRPVVSTQLLLNGSLAEEEIVIRSENLTDNAKTIIVHLNKSVEIECIRPGNGGSGSGGDIRKAYCKINGSEWNETLTKVSEKLKEYFNKTIRFAQHSGGDLEVTTHSFNCRGEFFYCNTSELFNSNATESNITLPCRIKQIINMWQGVGRAMYAPPIRGEIKCTSNITGILLTRDGGNNNNSTEEIFRPEGGNMRDNWRSELYKYKVVEIKVWKEAKTTLFCASDAKSYEREVHNVWATHACVPTDPDPQELVMANVTENFNMWKNDMVDQMHEDIISLWDQSLKPCVKLTGGSTITQACPKVSFDPIPIHYCAPAGYAILKCNNKTFSGKGPCSNVSTVQCTHGIRPVVSTQLLLNGSLAEEEIVIRSENLTDNAKTIIVHLNKSVEIECIRPGNGGSGSGGDIRKAYCKINGSEWNETLTKVSEKLKEYFNKTIRFAQHSGGDLEVTTHSFNCRGEFFYCNTSELFNSNATESNITLPCRIKQIINMWQGVGRAMYAPPIRGEIKCTSNITGILLTRDGGNNNNSTEEIFRPEGGNMRDNWRSELYKYKVVEIKVWKEAKTTLFCASDAKSYEREVHNVWATHACVPTDPDPQELVMANVTENFNMWKNDMVDQMHEDIISLWDQSLKPCVKLTGGSTITQACPKVSFDPIPIHYCAPAGYAILKCNNKTFSGKGPCSNVSTVQCTHGIRPVVSTQLLLNGSLAEEEIVIRSENLTDNAKTIIVHLNKSVEIECIRPGNGGSGSGGDIRKAYCKINGSEWNETLTKVSEKLKEYFNKTIRFAQHSGGDLEVTTHSFNCRGEFFYCNTSELFNSNATESNITLPCRIKQIINMWQGVGRAMYAPPIRGEIKCTSNITGILLTRDGGNNNNSTEEIFRPEGGNMRDNWRSELYKYKVVEIK,"88,230,241",3,,,,
10,glycoprotein,1HRP,A,P01215,Glycoprotein hormones alpha chain,Homo sapiens,/Users/lauradillon/PycharmProjects/inverse_fold/Cleaned_research_flow/0_Main_data/Final_Paper_Folder/protein-design-bias/data/glyco_benchmark/raw/glycoproteins/1HRP_A.pdb,APDTQDCPECTLQENPFFSQPGAPILQCMGCCFSRAYPTPLRSKKTMLVQKNVTSESTCCVAKSYNRVTVMGGFKVENHTACHCSTCYYHKSSKEPLRPRCRPINATLAVEKEGCPVCITVNTTICAGYCPTMTRVLQGVLPALPQVVCNYRDVRFESIRLPGCPRGVNPVVSYAVALSCQCALCRRSTTDCGGPKDHPLTCDDPRFQDSSSSKAPPPSLPSPSRLPGPSDTPILPQ,"52,78",2,-3.7588632106781006,2.0631585121154785,237.0,0.3787293434143066
11,glycoprotein,1QFW,A,P01233,Chorionic gonadotropin beta,Homo sapiens,/Users/lauradillon/PycharmProjects/inverse_fold/Cleaned_research_flow/0_Main_data/Final_Paper_Folder/protein-design-bias/data/glyco_benchmark/raw/glycoproteins/1QFW_A.pdb,APDTQDCPECTLQENPFFSQPGAPILQCMGCCFSRAYPTPLRSKKTMLVQKNVTSESTCCVAKSYNRVTVMGGFKVENHTACHCSTCYYHKSSKEPLRPRCRPINATLAVEKEGCPVCITVNTTICAGYCPTMTRVLQGVLPALPQVVCNYRDVRFESIRLPGCPRGVNPVVSYAVALSCQCALCRRSTTDCGGPKDHPLTCDDPRFQDSSSSKAPPPSLPSPSRLPGPSDTPILPQDIELTQSPDSLAVSLGQRATISCRASESVDSYGNSFMQWYQQKPGQPPKLLIYRASNLESGIPARFSGTGSRTDFTLTINPVEADDVATYYCQQSDEYPYMYTFGGGTKLEIKRQVQLQQSGAELVKPGASVKLSCKASDYTFTSYWMHWVKQRPGQGLEWIGEINPTNGRTYYNEKFKSKATLTVAASASTAAMQASSLTSEDSAVYYCARRYGNSFDYWGQGTTVTVSSDIELTQSPKSMSMSVGERVTLSCKASETVDSFVSWYQQKPEQSPKLLIFGASNRFSGVPDRFTGSGSATDFTLTISSVQAEDFADYHCGQTYNHPYTFGGGTKLEIKRQVQLQESGGHLVKPGGSLKLSCAASGFAFSSFDMSWIRQTPEKRLEWVASITNVGTYTYYPGSVKGRFSISRDNARNTLNLQMSSLRSEDTALYFCARQGTAAQPYWYFDVWGAGTTVTVSS,"13,30",2,-3.9194393157958984,2.1414473056793213,698.0,0.3638312220573425
12,glycoprotein,1GAL,A,P00720,Beta-galactosidase,Escherichia coli,/Users/lauradillon/PycharmProjects/inverse_fold/Cleaned_research_flow/0_Main_data/Final_Paper_Folder/protein-design-bias/data/glyco_benchmark/raw/glycoproteins/1GAL_A.pdb,SNGIEASLLTDPKDVSGRTVDYIIAGGGLTGLTTAARLTENPNISVLVIESGSYESDRGPIIEDLNAYGDIFGSSVDHAYETVELATNNQTALIRSGNGLGGSTLVNGGTWTRPHKAQVDSWETVFGNEGWNWDNVAAYSLQAERARAPNAKQIAAGHYFNASCHGVNGTVHAGPRDTGDDYSPIVKALMSAVEDRGVPTKKDFGCGDPHGVSMFPNTLHEDQVRSDAAREWLLPNYQRPNLQVLTGQYVGKVLLSQNGTTPRAVGVEFGTHKGNTHNVYAKHEVLLAAGSAVSPTILEYSGIGMKSILEPLGIDTVVDLPVGLNLQDQTTATVRSRITSAGAGQGQAAWFATFNETFGDYSEKAHELLNTKLEQWAEEAVARGGFHNTTALLIQYENYRDWIVNHNVAYSELFLDTAGVASFDVWDLLPFTRGYVHILDKDPYLHHFAYDPQYFLNELDLLGQAAATQLARNISNSGAMQTYFAGETIPGDNLAYDADLSAWTEYIPYHFRPNYHGVGTCSMMPKEMGGVVDNAARVYGVQGLRVIDGSIPPTQMSSHVMTVFYAMALKISDAILEDYASMQ,104,1,-4.0717291831970215,1.747260332107544,583.0,0.4766640961170196
13,glycoprotein,3LPP,A,P07602,Prostate-specific antigen,Homo sapiens,/Users/lauradillon/PycharmProjects/inverse_fold/Cleaned_research_flow/0_Main_data/Final_Paper_Folder/protein-design-bias/data/glyco_benchmark/raw/glycoproteins/3LPP_A.pdb,RSSHHHHHHGEFDIPTTENLYFQSGIRRKCPNVLNDPVNVRINCIPEQFPTEGICAQRGCCWRPWNDSLIPWCFFVDNHGYNVQDMTTTSIGVEAKLNRIPSPTLFGNDINSVLFTTQNQTPNRFRFKITDPNNRRYEVPHQYVKEFTGPTVSDTLYDVKVAQNPFSIQVIRKSNGKTLFDTSIGPLVYSDQYLQISARLPSDYIYGIGEQVHKRFRHDLSWKTWPIFTRDQLPGDNNNNLYGHQTFFMCIEDTSGKSFGVFLMNSNAMEIFIQPTPIVTYRVTGGILDFYILLGDTPEQVVQQYQQLVGLPAMPAYWNLGFQLSRWNYKSLDVVKEVVRRNREAGIPFDTQVTDIDYMEDKKDFTYDQVAFNGLPQFVQDLHDHGQKYVIILDPAISIGRRANGTTYATYERGNTQHVWINESDGSTPIIGEVWPGLTVYPDFTNPNCIDWWANECSIFHQEVQYDGLWIDMNEVSSFIQGSTKGCNVNKLNYPPFTPDILDKLMYSKTICMDAVQNWGKQYDVHSLYGYSMAIATEQAVQKVFPNKRSFILTRSTFAGSGRHAAHWLGDNTASWEQMEWSITGMLEFSLFGIPLVGADICGFVAETTEELCRRWMQLGAFYPFSRNHNSDGYEHQDPAFFGQNSLLVKSSRQYLTIRYTLLPFLYTLFYKAHVFGETVARPVLHEFYEDTNSWIEDTEFLWGPALLITPVLKQGADTVSAYIPDAIWYDYESGAKRPWRKQRVDMYLPADKIGLHLRGGYIIPIQEPDVTTTASRKNPLGLIVALGENNTAKGDFFWDDGETKDTIQNGNYILYTFSVSNNTLDIVCTHSSYQEGTTLAFQTVKILGLTDSVTEVRVAENNQPMNAHSNFTYDASNQVLLIADLKLNLGRNFSVQWRSSHHHHHHGEFDIPTTENLYFQSGIRRKCPNVLNDPVNVRINCIPEQFPTEGICAQRGCCWRPWNDSLIPWCFFVDNHGYNVQDMTTTSIGVEAKLNRIPSPTLFGNDINSVLFTTQNQTPNRFRFKITDPNNRRYEVPHQYVKEFTGPTVSDTLYDVKVAQNPFSIQVIRKSNGKTLFDTSIGPLVYSDQYLQISARLPSDYIYGIGEQVHKRFRHDLSWKTWPIFTRDQLPGDNNNNLYGHQTFFMCIEDTSGKSFGVFLMNSNAMEIFIQPTPIVTYRVTGGILDFYILLGDTPEQVVQQYQQLVGLPAMPAYWNLGFQLSRWNYKSLDVVKEVVRRNREAGIPFDTQVTDIDYMEDKKDFTYDQVAFNGLPQFVQDLHDHGQKYVIILDPAISIGRRANGTTYATYERGNTQHVWINESDGSTPIIGEVWPGLTVYPDFTNPNCIDWWANECSIFHQEVQYDGLWIDMNEVSSFIQGSTKGCNVNKLNYPPFTPDILDKLMYSKTICMDAVQNWGKQYDVHSLYGYSMAIATEQAVQKVFPNKRSFILTRSTFAGSGRHAAHWLGDNTASWEQMEWSITGMLEFSLFGIPLVGADICGFVAETTEELCRRWMQLGAFYPFSRNHNSDGYEHQDPAFFGQNSLLVKSSRQYLTIRYTLLPFLYTLFYKAHVFGETVARPVLHEFYEDTNSWIEDTEFLWGPALLITPVLKQGADTVSAYIPDAIWYDYESGAKRPWRKQRVDMYLPADKIGLHLRGGYIIPIQEPDVTTTASRKNPLGLIVALGENNTAKGDFFWDDGETKDTIQNGNYILYTFSVSNNTLDIVCTHSSYQEGTTLAFQTVKILGLTDSVTEVRVAENNQPMNAHSNFTYDASNQVLLIADLKLNLGRNFSVQWRSSHHHHHHGEFDIPTTENLYFQSGIRRKCPNVLNDPVNVRINCIPEQFPTEGICAQRGCCWRPWNDSLIPWCFFVDNHGYNVQDMTTTSIGVEAKLNRIPSPTLFGNDINSVLFTTQNQTPNRFRFKITDPNNRRYEVPHQYVKEFTGPTVSDTLYDVKVAQNPFSIQVIRKSNGKTLFDTSIGPLVYSDQYLQISARLPSDYIYGIGEQVHKRFRHDLSWKTWPIFTRDQLPGDNNNNLYGHQTFFMCIEDTSGKSFGVFLMNSNAMEIFIQPTPIVTYRVTGGILDFYILLGDTPEQVVQQYQQLVGLPAMPAYWNLGFQLSRWNYKSLDVVKEVVRRNREAGIPFDTQVTDIDYMEDKKDFTYDQVAFNGLPQFVQDLHDHGQKYVIILDPAISIGRRANGTTYATYERGNTQHVWINESDGSTPIIGEVWPGLTVYPDFTNPNCIDWWANECSIFHQEVQYDGLWIDMNEVSSFIQGSTKGCNVNKLNYPPFTPDILDKLMYSKTICMDAVQNWGKQYDVHSLYGYSMAIATEQAVQKVFPNKRSFILTRSTFAGSGRHAAHWLGDNTASWEQMEWSITGMLEFSLFGIPLVGADICGFVAETTEELCRRWMQLGAFYPFSRNHNSDGYEHQDPAFFGQNSLLVKSSRQYLTIRYTLLPFLYTLFYKAHVFGETVARPVLHEFYEDTNSWIEDTEFLWGPALLITPVLKQGADTVSAYIPDAIWYDYESGAKRPWRKQRVDMYLPADKIGLHLRGGYIIPIQEPDVTTTASRKNPLGLIVALGENNTAKGDFFWDDGETKDTIQNGNYILYTFSVSNNTLDIVCTHSSYQEGTTLAFQTVKILGLTDSVTEVRVAENNQPMNAHSNFTYDASNQVLLIADLKLNLGRNFSVQWRSSHHHHHHGEFDIPTTENLYFQSGIRRKCPNVLNDPVNVRINCIPEQFPTEGICAQRGCCWRPWNDSLIPWCFFVDNHGYNVQDMTTTSIGVEAKLNRIPSPTLFGNDINSVLFTTQNQTPNRFRFKITDPNNRRYEVPHQYVKEFTGPTVSDTLYDVKVAQNPFSIQVIRKSNGKTLFDTSIGPLVYSDQYLQISARLPSDYIYGIGEQVHKRFRHDLSWKTWPIFTRDQLPGDNNNNLYGHQTFFMCIEDTSGKSFGVFLMNSNAMEIFIQPTPIVTYRVTGGILDFYILLGDTPEQVVQQYQQLVGLPAMPAYWNLGFQLSRWNYKSLDVVKEVVRRNREAGIPFDTQVTDIDYMEDKKDFTYDQVAFNGLPQFVQDLHDHGQKYVIILDPAISIGRRANGTTYATYERGNTQHVWINESDGSTPIIGEVWPGLTVYPDFTNPNCIDWWANECSIFHQEVQYDGLWIDMNEVSSFIQGSTKGCNVNKLNYPPFTPDILDKLMYSKTICMDAVQNWGKQYDVHSLYGYSMAIATEQAVQKVFPNKRSFILTRSTFAGSGRHAAHWLGDNTASWEQMEWSITGMLEFSLFGIPLVGADICGFVAETTEELCRRWMQLGAFYPFSRNHNSDGYEHQDPAFFGQNSLLVKSSRQYLTIRYTLLPFLYTLFYKAHVFGETVARPVLHEFYEDTNSWIEDTEFLWGPALLITPVLKQGADTVSAYIPDAIWYDYESGAKRPWRKQRVDMYLPADKIGLHLRGGYIIPIQEPDVTTTASRKNPLGLIVALGENNTAKGDFFWDDGETKDTIQNGNYILYTFSVSNNTLDIVCTHSSYQEGTTLAFQTVKILGLTDSVTEVRVAENNQPMNAHSNFTYDASNQVLLIADLKLNLGRNFSVQW,69,1,-4.195501804351807,1.7609988451004028,3592.0,0.4747158885002136
14,glycoprotein,1N8Z,A,P01308,Insulin,Homo sapiens,/Users/lauradillon/PycharmProjects/inverse_fold/Cleaned_research_flow/0_Main_data/Final_Paper_Folder/protein-design-bias/data/glyco_benchmark/raw/glycoproteins/1N8Z_A.pdb,DIQMTQSPSSLSASVGDRVTITCRASQDVNTAVAWYQQKPGKAPKLLIYSASFLYSGVPSRFSGSRSGTDFTLTISSLQPEDFATYYCQQHYTTPPTFGQGTKVEIKRTVAAPSVFIFPPSDEQLKSGTASVVCLLNNFYPREAKVQWKVDNALQSGNSQESVTEQDSKDSTYSLSSTLTLSKADYEKHKVYACEVTHQGLSSPVTKSFNRGECEVQLVESGGGLVQPGGSLRLSCAASGFNIKDTYIHWVRQAPGKGLEWVARIYPTNGYTRYADSVKGRFTISADTSKNTAYLQMNSLRAEDTAVYYCSRWGGDGFYAMDYWGQGTLVTVSSASTKGPSVFPLAPSSKSTSGGTAALGCLVKDYFPEPVTVSWNSGALTSGVHTFPAVLQSSGLYSLSSVVTVPSSSLGTQTYICNVNHKPSNTKVDKKVEPTQVCTGTDMKLRLPASPETHLDMLRHLYQGCQVVQGNLELTYLPTNASLSFLQDIQEVQGYVLIAHNQVRQVPLQRLRIVRGTQLFEDNYALAVLDNGDPLNNTTPVTGASPGGLRELQLRSLTEILKGGVLIQRNPQLCYQDTILWKDIFHKNNQLALTLIDTNRSRACHPCSPMCKGSRCWGESSEDCQSLTRTVCAGGCARCKGPLPTDCCHEQCAAGCTGPKHSDCLACLHFNHSGICELHCPALVTYNTDTFESMPNPEGRYTFGASCVTACPYNYLSTDVGSCTLVCPLHNQEVTAEDGTQRCEKCSKPCARVCYGLGMEHLREVRAVTSANIQEFAGCKKIFGSLAFLPESFDGDPASNTAPLQPEQLQVFETLEEITGYLYISAWPDSLPDLSVFQNLQVIRGRILHNGAYSLTLQGLGISWLGLRSLRELGSGLALIHHNTHLCFVHTVPWDQLFRNPHQALLHTANRPEDECVGEGLACHQLCARGHCWGPGPTQCVNCSQFLRGQECVEECRVLQGLPREYVNARHCLPCHPECQPQNGSVTCFGPEADQCVACAHYKDPPFCVARCPSGVKPDLSYMPIWKFPDEEGACQPCPIN,45,1,-1.5219402313232422,1.8146588802337649,1041.0,0.4576421678066253
15,glycoprotein,2ZCH,A,P01375,Tumor necrosis factor,Homo sapiens,/Users/lauradillon/PycharmProjects/inverse_fold/Cleaned_research_flow/0_Main_data/Final_Paper_Folder/protein-design-bias/data/glyco_benchmark/raw/glycoproteins/2ZCH_A.pdb,IVGGWECEKHSQPWQVLVASRGRAVCGGVLVHPQWVLTAAHCIRNKSVILLGRHSLFHPEDTGQVFQVSHSFPHPLYDMSLLKNRFLRPGDDSSHDLMLLRLSEPAELTDAVKVMDLPTQEPALGTTCYASGWGSIEPEEFLTPKKLQCVDLHVISNDVCAQVHPQKVTKFMLCAGRWTGGKSTCSGDSGGPLVCNGVLQGITSWGSEPCALPERPSLYTKVVHYRKWIKDTIVANPDIVLTQSPASLAVSLGQRATISCKASQSVDFDGDSYMNWYQQKPGQPPKLLIFAASNLASGIPARLSGSGSGTDFTLNIQPVEEEDAATYYCQQSNEDPYTFGGGTKLEIKRADAAPTVSIFPPSSEQLTSGGASVVCFLNNFYPKDINVKWKIDGSERQNGVLNSWTDQDSKDSTYSMSSTLTLTKDEYERHNSYTCEATHKTSTSPIVKSFNRQVQLQQSGDDLVKPGASVKLSCKASGYTFTTYYINWMRQRPGQGLEWIGRIAPASGTTYSSEMFKDKATLTVDTSSNTAYIQLSSLSSEDSAVYFCARADYGFNSGEAMDYWGQGTSVTVSSAKTTAPPVYPLAPVCGDTTGSSVTLGCLVKGYFPESVTLLWNSGSLSSGVHTFPAVLQSDLYTLSSSVTVTSSTWPSQSITCNVAHPASSTKVDKKIVPRDCGCKPC,52,1,,,681.0,
16,glycoprotein,1BWI,A,P10451,Osteopontin,Homo sapiens,/Users/lauradillon/PycharmProjects/inverse_fold/Cleaned_research_flow/0_Main_data/Final_Paper_Folder/protein-design-bias/data/glyco_benchmark/raw/glycoproteins/1BWI_A.pdb,KVFGRCELAAAMKRHGLDNYRGYSLGNWVCAAKFESNFNTQATNRNTDGSTDYGILQINSRWWCNDGRTPGSRNLCNIPCSALLSSDITASVNCAKKIVSDGNGMNAWVAWRNRCKGTDVQAWIRGCRL,"88,120",2,-1.3269493579864502,1.6352359056472778,129.0,0.5146885514259338
1,control,1UBQ,A,P0CG48,Ubiquitin,Homo sapiens,/Users/lauradillon/PycharmProjects/inverse_fold/Cleaned_research_flow/0_Main_data/Final_Paper_Folder/protein-design-bias/data/glyco_benchmark/raw/controls/1UBQ_A.pdb,MQIFVKTLTGKTITLEVEPSDTIENVKAKIQDKEGIPPDQQRLIFAGKQLEDGRTLSDYNIQKESTLHLVLRLRGG,,0,-1.384580135345459,1.8161169290542605,76.0,0.4696442484855652
2,control,1TRI,A,P00894,Triosephosphate isomerase,Saccharomyces cerevisiae,/Users/lauradillon/PycharmProjects/inverse_fold/Cleaned_research_flow/0_Main_data/Final_Paper_Folder/protein-design-bias/data/glyco_benchmark/raw/controls/1TRI_A.pdb,MSKPQPIAAANWKCNGSQQSLSELIDLFNSTSINHDVQCVVASTFVHLAMTKERLSHPKFVIAAQNAGNADALASLKDFGVNWIVLGHSERRAYYGETNEIVADKVAAAVASGFMVIACIGETLQERESGRTAVVVLTQIAAIAKKLKKADWAKVVIAYEPVWAIGTGKVATPQQAQEAHALIRSWVSSKIGADVAGELRILYGGSVNGKNARTLYQQRDVNGFLVGGASLKPEFVDIIKATQ,,0,-3.72894287109375,1.8513604402542112,243.0,0.4354675710201263
3,control,1GDJ,A,P00355,Glyceraldehyde-3-phosphate dehydrogenase,Oryctolagus cuniculus,/Users/lauradillon/PycharmProjects/inverse_fold/Cleaned_research_flow/0_Main_data/Final_Paper_Folder/protein-design-bias/data/glyco_benchmark/raw/controls/1GDJ_A.pdb,GALTESQAALVKSSWEEFNANIPKHTHRFFILVLEIAPAAKDLFSFLKGTSEVPQNNPELQAHAGKVFKLVYEAAIQLEVTGVVVTDATLKNLGSVHVSKGVADAHFPVVKEAILKTIKEVVGAKWSEELNSAWTIAYDELAIVIKKEMDDAA,,0,-1.636612892150879,1.957640051841736,153.0,0.4057341516017914
4,control,1ATP,A,P00517,Tyrosine-protein kinase ABL1,Homo sapiens,/Users/lauradillon/PycharmProjects/inverse_fold/Cleaned_research_flow/0_Main_data/Final_Paper_Folder/protein-design-bias/data/glyco_benchmark/raw/controls/1ATP_A.pdb,GNAAAAKKGSEQESVKEFLAKAKEDFLKKWETPSQNTAQLDQFDRIKTLGTGSFGRVMLVKHKESGNHYAMKILDKQKVVKLKQIEHTLNEKRILQAVNFPFLVKLEFSFKDNSNLYMVMEYVAGGEMFSHLRRIGRFSEPHARFYAAQIVLTFEYLHSLDLIYRDLKPENLLIDQQGYIQVTDFGFAKRVKGRTWXLCGTPEYLAPEIILSKGYNKAVDWWALGVLIYEMAAGYPPFFADQPIQIYEKIVSGKVRFPSHFSSDLKDLLRNLLQVDLTKRFGNLKNGVNDIKNHKWFATTDWIAIYQRKVEAPFIPKFKGPGDTSNFDDYEEEEIRVXINEKCGKEFTEFTTYADFIASGRTGRRNAIHD,,0,,,370.0,
5,control,1CSN,A,P24941,Cyclin-dependent kinase 2,Homo sapiens,/Users/lauradillon/PycharmProjects/inverse_fold/Cleaned_research_flow/0_Main_data/Final_Paper_Folder/protein-design-bias/data/glyco_benchmark/raw/controls/1CSN_A.pdb,MSGQNNVVGVHYKVGRRIGEGSFGVIFEGTNLLNNQQVAIKFEPRRSDAPQLRDEYRTYKLLAGCTGIPNVYYFGQEGLHNVLVIDLLGPSLEDLLDLCGRKFSVKTVAMAAKQMLARVQSIHEKSLVYRDIKPDNFLIGRPNSKNANMIYVVDFGMVKFYRDPVTKQHIPYREKKNLSGTARYMSINTHLGREQSRRDDLEALGHVFMYFLRGSLPWQGLKAATNKQKYERIGEKKQSTPLRELCAGFPEEFYKYMHYARNLAFDATPDYDYLQGLFSKVLERLNTTEDENFDWNLL,,0,-4.187095642089844,1.7771246433258057,298.0,0.4687959253787994
6,control,1ATN,A,P68133,"Actin, alpha skeletal muscle",Oryctolagus cuniculus,/Users/lauradillon/PycharmProjects/inverse_fold/Cleaned_research_flow/0_Main_data/Final_Paper_Folder/protein-design-bias/data/glyco_benchmark/raw/controls/1ATN_A.pdb,XDEDETTALVCDNGSGLVKAGFAGDDAPRAVFPSIVGRPRHQGVMVGMGQKDSYVGDEAQSKRGILTLKYPIEXGIITNWDDMEKIWHHTFYNELRVAPEEHPTLLTEAPLNPKANREKMTQIMFETFNVPAMYVAIQAVLSLYASGRTTGIVLDSGDGVTHNVPIYEGYALPHAIMRLDLAGRDLTDYLMKILTERGYSFVTTAEREIVRDIKEKLCYVALDFENEMATAASSSSLEKSYELPDGQVITIGNERFRCPETLFQPSFIGMESAGIHETTYNSIMKCDIDIRKDLYANNVMSGGTTMYPGIADRMQKEITALAPSTMKIKIIAPPERKYSVWIGGSILASLSTFQQMWITKQEYDEAGPSIVHRLKIAAFNIRTFGETKMSNATLASYIVRIVRRYDIVLIQEVRDSHLVAVGKLLDYLNQDDPNTYHYVVSEPLGRNSYKERYLFLFRPNKVSVLDTYQYDDGCGNCGNDSFSREPAVVKFSSHSTKVKEFAIVALHSAPSDAVAEINSLYDVYLDVQQKWHLNDVMLMGDFNADCSYVTSSQWSSIRLRTSSTFQWLIPDSADTTATSTNCAYDRIVVAGSLLQSSVVPGSAAPFDFQAAYGLSNEMALAISDHYPVEVTLT,,0,-3.9415669441223145,1.9153985977172852,633.0,0.4195402264595032
7,control,1TUB,A,P07437,Tubulin beta chain,Sus scrofa,/Users/lauradillon/PycharmProjects/inverse_fold/Cleaned_research_flow/0_Main_data/Final_Paper_Folder/protein-design-bias/data/glyco_benchmark/raw/controls/1TUB_A.pdb,MRECISIHVGQAGVQIGNACWELYCLEHGIQPDGQMPSDKTIGGGDDSFNTFFSETGAGKHVPRAVFVDLEPTVIDEVRTGTYRQLFHPEQLITGKEDAANNYARGHYTIGKEIIDLVLDRIRKLADQCTGLQGFSVFHSFGGGTGSGFTSLLMERLSVDYGKKSKLEFSIYPAPQVSTAVVEPYNSILTTHTTLEHSDCAFMVDNEAIYDICRRNLDIERPTYTNLNRLIGQIVSSITASLRFDGALNVDLTEFQTNLVPYPRGHFPLATYAPVISAEKAYHEQLSVAEITNACFEPANQMVKCDPRHGKYMACCLLYRGDVVPKDVNAAIATIKTKRTIQFVDWCPTGFKVGINYEPPTVVPGGDLAKVQRAVCMLSNTTAIAEAWARLDHKFDLMYAKRAFVHWYVGEGMEEGEFSEAREDMAALEKDYEEVGVDSVMREIVHIQAGQCGNQIGAKFWEVISDEHGIDPTGSYHGDSDLQLERINVYYNEAAGNKYVPRAILVDLEPGTMDSVRSGPFGQIFRPDNFVFGQSGAGNNWAKGHYTEGAELVDSVLDVVRKESESCDCLQGFQLTHSLGGGTGSGMGTLLISKIREEYPDRIMNTFSVVPSPKVSDTVVEPYNATLSVHQLVENTDETYCIDNEALYDICFRTLKLTTPTYGDLNHLVSATMSGVTTCLRFPGQLNADLRKLAVNMVPFPRLHFFMPGFAPLTSRGSQQYRALTVPELTQQMFDAKNMMAACDPRHGRYLTVAAVFRGRMSMKEVDEQMLNVQNKNSSYFVEWIPNNVKTAVCDIPPRGLKMSATFIGNSTAIQELFKRISEQFTAMFRRKAFLHWYTGEGMDEMEFTEAESNMNDLVSEYQQYQD,,0,-2.7982747554779053,2.367267370223999,867.0,0.2820445001125335
8,control,1HSK,A,P11142,Heat shock cognate 71 kDa protein,Bos taurus,/Users/lauradillon/PycharmProjects/inverse_fold/Cleaned_research_flow/0_Main_data/Final_Paper_Folder/protein-design-bias/data/glyco_benchmark/raw/controls/1HSK_A.pdb,MRGSHHHHHHTDPINKDIYQALQQLIPNEKIKVDEPLKRYTYTKTGGNADFYITPTKNEEVQAVVKYAYQNEIPVTYLGNGSNIIIREGGIRGIVISLLSLDHIEVSDDAIIAGSGAAIIDVSRVARDYALTGLEFACGIPGSIGGAVYMNAGAYGGEVKDCIDYALCVNEQGSLIKLTTKELELDYRNSIIQKEHLVVLEAAFTLAPGKMTEIQAKMDDLTERRESKQPLEYPSCGSVFQRPPGHFAGKLIQDSNLQGHRIGGVEVSTKHAGFMVNVDNGTATDYENLIHYVQKTVKEKFGIELNREVRIIGEHPKESLQPSLIS,,0,-4.01978874206543,1.705546498298645,326.0,0.4903362095355987
9,control,5P21,A,P01112,GTPase HRas,Homo sapiens,/Users/lauradillon/PycharmProjects/inverse_fold/Cleaned_research_flow/0_Main_data/Final_Paper_Folder/protein-design-bias/data/glyco_benchmark/raw/controls/5P21_A.pdb,MTEYKLVVVGAGGVGKSALTIQLIQNHFVDEYDPTIEDSYRKQVVIDGETCLLDILDTAGQEEYSAMRDQYMRTGEGFLCVFAINNTKSFEDIHQYREQIKRVKDSDDVPMVLVGNKCDLAARTVESRQAQDLARSYGIPYIETSAKTRQGVEDAFYTLVREIRQH,,0,-1.6857261657714844,1.7723406553268433,166.0,0.4703097939491272
10,control,1CRN,A,P01542,Crambin,Crambe abyssinica,/Users/lauradillon/PycharmProjects/inverse_fold/Cleaned_research_flow/0_Main_data/Final_Paper_Folder/protein-design-bias/data/glyco_benchmark/raw/controls/1CRN_A.pdb,TTCCPSIVARSNFNVCRLPGTPEAICATYTGCIIIPGATCPGDYAN,,0,-1.5905667543411257,1.7426786422729492,46.0,0.4922399818897247
11,control,2PCB,A,P00784,Papain,Carica papaya,/Users/lauradillon/PycharmProjects/inverse_fold/Cleaned_research_flow/0_Main_data/Final_Paper_Folder/protein-design-bias/data/glyco_benchmark/raw/controls/2PCB_A.pdb,MITTPLVHVASVEKGRSYEDFQKVYNAIALKLREDDEYDNYIGYGPVLVRLAWHISGTWDKHDNTGGSYGGTYRFKKEFNDPSNAGLQNGFKFLEPIHKEFPWISSGDLFSLGGVTAVQEMQGPKIPWRCGRVDTPEDTTPDNGRLPDADKDAGYVRTFFQRLNMNDREVVALMGAHALGKTHLKNSGYEGPWGAANNVFTNEFYLNLLNEDWKLEKNDANNEQWDSKSGYMMLPTDYSLIQDPKYLSIVKEYANDQDKFFKDFSKAFEKLLENGITFPKDAPSPFIFKTLEEQGLGDVEKGKKIFVQKCAQCHTVEKGGKHKTGPNLHGLFGRKTGQAPGFTYTDANKNKGITWKEETLMEYLENPKKYIPGTKMIFAGIKKKTEREDLIAYLKKATNEMITTPLVHVASVEKGRSYEDFQKVYNAIALKLREDDEYDNYIGYGPVLVRLAWHISGTWDKHDNTGGSYGGTYRFKKEFNDPSNAGLQNGFKFLEPIHKEFPWISSGDLFSLGGVTAVQEMQGPKIPWRCGRVDTPEDTTPDNGRLPDADKDAGYVRTFFQRLNMNDREVVALMGAHALGKTHLKNSGYEGPWGAANNVFTNEFYLNLLNEDWKLEKNDANNEQWDSKSGYMMLPTDYSLIQDPKYLSIVKEYANDQDKFFKDFSKAFEKLLENGITFPKDAPSPFIFKTLEEQGL,,0,-4.125065803527832,1.7811617851257324,696.0,0.4740670621395111
12,control,1THX,A,P00274,Thioredoxin,Homo sapiens,/Users/lauradillon/PycharmProjects/inverse_fold/Cleaned_research_flow/0_Main_data/Final_Paper_Folder/protein-design-bias/data/glyco_benchmark/raw/controls/1THX_A.pdb,METAMSKGVITITDAEFESEVLKAEQPVLVYFWASWCGPCQLMSPLINLAANTYSDRLKVVKLEIDPNPTTVKKYKVEGVPALRLVKGEQILDSTEGVISKDKLLSFLDTHLNNN,,0,-4.064047813415527,1.790292263031006,115.0,0.4651965796947479
13,control,1RNH,A,P00708,Ribonuclease pancreatic,Bos taurus,/Users/lauradillon/PycharmProjects/inverse_fold/Cleaned_research_flow/0_Main_data/Final_Paper_Folder/protein-design-bias/data/glyco_benchmark/raw/controls/1RNH_A.pdb,XLKQVEIFTDGSCLGNPGPGGYGAILRYRGREKTFSAGYTRTTNNRXELXAAIVALEALKEHCEVILSTDSQYVRQGITQWIHNWKKRGWKTADKKPVKNVDLWQRLDAALGQHQIKWEWVKGHAGHPENERCDELARAAAXNPTLEDTGYQVEV,,0,-3.956218719482422,1.897327184677124,155.0,0.4304281175136566
14,control,1A5Z,A,P00558,Phosphoglycerate kinase,Saccharomyces cerevisiae,/Users/lauradillon/PycharmProjects/inverse_fold/Cleaned_research_flow/0_Main_data/Final_Paper_Folder/protein-design-bias/data/glyco_benchmark/raw/controls/1A5Z_A.pdb,MKIGIVGLGRVGSSTAFALLMKGFAREMVLIDVDKKRAEGDALDLIHGTPFTRRANIYAGDYADLKGSDVVIVAAGVPQKPGETRLQLLGRNARVMKEIARNVSKYAPDSIVIVVTNPVDVLTYFFLKESGMDPRKVFGSGTVLDTARLRTLIAQHCGFSPRSVHVYVIGEHGDSEVPVWSGAMIGGIPLQNMCQVCQKCDSKILENFAEKTKRAAYEIIERKGATHYAIALAVADIVESIFFDEKRVLTLSVYLEDYLGVKDLCISVPVTLGKHGVERILELNLNEEELEAFRKSASILKNAINEITAEENKHQNTSG,,0,-3.092334508895874,1.7589191198349,319.0,0.4753268361091614
15,control,2CBA,A,P00915,Carbonic anhydrase 2,Homo sapiens,/Users/lauradillon/PycharmProjects/inverse_fold/Cleaned_research_flow/0_Main_data/Final_Paper_Folder/protein-design-bias/data/glyco_benchmark/raw/controls/2CBA_A.pdb,XSHHWGYGKHNGPEHWHKDFPIAKGERQSPVDIDTHTAKYDPSLKPLSVSYDQATSLRILNNGHAFNVEFDDSQDKAVLKGGPLDGTYRLIQFHFHWGSLDGQGSEHTVDKKKYAAELHLVHWNTKYGDFGKAVQQPDGLAVLGIFLKVGSAKPGLQKVVDVLDSIKTKGKSADFTNFDPRGLLPESLDYWTYPGSLTTPPLLECVTWIVLKEPISVSSEQVLKFRKLNFNGEGEPEELMVDNWRPAQPLKNRQIKASFK,,0,-4.157541751861572,1.7046294212341309,260.0,0.4946154356002807
16,control,1LYZ,A,P00698,Lysozyme C,Gallus gallus,/Users/lauradillon/PycharmProjects/inverse_fold/Cleaned_research_flow/0_Main_data/Final_Paper_Folder/protein-design-bias/data/glyco_benchmark/raw/controls/1LYZ_A.pdb,KVFGRCELAAAMKRHGLDNYRGYSLGNWVCAAKFESNFNTQATNRNTDGSTDYGILQINSRWWCNDGRTPGSRNLCNIPCSALLSSDITASVNCAKKIVSDGNGMNAWVAWRNRCKGTDVQAWIRGCRL,,0,-1.6808956861495972,1.822594404220581,129.0,0.4574165642261505
