position,native_triplet,is_sequon,recovery_rate,n_matches,n_designs,protein
0,MLK,False,0.0,0,32,2RN2_A
1,LKQ,False,0.0,0,32,2RN2_A
2,KQV,False,0.0,0,32,2RN2_A
3,QVE,False,0.0,0,32,2RN2_A
4,VEI,False,56.25,18,32,2RN2_A
5,EIF,False,0.0,0,32,2RN2_A
6,IFT,False,0.0,0,32,2RN2_A
7,FTD,False,0.0,0,32,2RN2_A
8,TDG,False,93.75,30,32,2RN2_A
9,DGS,False,0.0,0,32,2RN2_A
10,GSC,False,0.0,0,32,2RN2_A
11,SCL,False,0.0,0,32,2RN2_A
12,CLG,False,0.0,0,32,2RN2_A
13,LGN,False,53.125,17,32,2RN2_A
14,GNP,False,100.0,32,32,2RN2_A
15,NPG,False,100.0,32,32,2RN2_A
16,PGP,False,100.0,32,32,2RN2_A
17,GPG,False,71.875,23,32,2RN2_A
18,PGG,False,71.875,23,32,2RN2_A
19,GGY,False,68.75,22,32,2RN2_A
20,GYG,False,93.75,30,32,2RN2_A
21,YGA,False,56.25,18,32,2RN2_A
22,GAI,False,56.25,18,32,2RN2_A
23,AIL,False,25.0,8,32,2RN2_A
24,ILR,False,0.0,0,32,2RN2_A
25,LRY,False,0.0,0,32,2RN2_A
26,RYR,False,0.0,0,32,2RN2_A
27,YRG,False,0.0,0,32,2RN2_A
28,RGR,False,0.0,0,32,2RN2_A
29,GRE,False,0.0,0,32,2RN2_A
30,REK,False,0.0,0,32,2RN2_A
31,EKT,False,0.0,0,32,2RN2_A
32,KTF,False,3.125,1,32,2RN2_A
33,TFS,False,15.625,5,32,2RN2_A
34,FSA,False,0.0,0,32,2RN2_A
35,SAG,False,0.0,0,32,2RN2_A
36,AGY,False,0.0,0,32,2RN2_A
37,GYT,False,3.125,1,32,2RN2_A
38,YTR,False,0.0,0,32,2RN2_A
39,TRT,False,0.0,0,32,2RN2_A
40,RTT,False,3.125,1,32,2RN2_A
41,TTN,False,0.0,0,32,2RN2_A
42,TNN,False,0.0,0,32,2RN2_A
43,NNR,False,0.0,0,32,2RN2_A
44,NRM,False,0.0,0,32,2RN2_A
45,RME,False,3.125,1,32,2RN2_A
46,MEL,False,68.75,22,32,2RN2_A
47,ELM,False,0.0,0,32,2RN2_A
48,LMA,False,0.0,0,32,2RN2_A
49,MAA,False,0.0,0,32,2RN2_A
50,AAI,False,9.375,3,32,2RN2_A
51,AIV,False,3.125,1,32,2RN2_A
52,IVA,False,9.375,3,32,2RN2_A
53,VAL,False,9.375,3,32,2RN2_A
54,ALE,False,3.125,1,32,2RN2_A
55,LEA,False,0.0,0,32,2RN2_A
56,EAL,False,0.0,0,32,2RN2_A
57,ALK,False,0.0,0,32,2RN2_A
58,LKE,False,68.75,22,32,2RN2_A
59,KEH,False,0.0,0,32,2RN2_A
60,EHC,False,0.0,0,32,2RN2_A
61,HCE,False,0.0,0,32,2RN2_A
62,CEV,False,0.0,0,32,2RN2_A
63,EVI,False,0.0,0,32,2RN2_A
64,VIL,False,9.375,3,32,2RN2_A
65,ILS,False,0.0,0,32,2RN2_A
66,LST,False,0.0,0,32,2RN2_A
67,STD,False,0.0,0,32,2RN2_A
68,TDS,False,100.0,32,32,2RN2_A
69,DSQ,False,0.0,0,32,2RN2_A
70,SQY,False,0.0,0,32,2RN2_A
71,QYV,False,0.0,0,32,2RN2_A
72,YVR,False,0.0,0,32,2RN2_A
73,VRQ,False,0.0,0,32,2RN2_A
74,RQG,False,0.0,0,32,2RN2_A
75,QGI,False,0.0,0,32,2RN2_A
76,GIT,False,0.0,0,32,2RN2_A
77,ITQ,False,0.0,0,32,2RN2_A
78,TQW,False,0.0,0,32,2RN2_A
79,QWI,False,0.0,0,32,2RN2_A
80,WIH,False,0.0,0,32,2RN2_A
81,IHN,False,0.0,0,32,2RN2_A
82,HNW,False,0.0,0,32,2RN2_A
83,NWK,False,0.0,0,32,2RN2_A
84,WKK,False,0.0,0,32,2RN2_A
85,KKR,False,0.0,0,32,2RN2_A
86,KRG,False,0.0,0,32,2RN2_A
87,RGW,False,0.0,0,32,2RN2_A
88,GWK,False,12.5,4,32,2RN2_A
89,WKT,False,50.0,16,32,2RN2_A
90,KTA,False,0.0,0,32,2RN2_A
91,TAD,False,0.0,0,32,2RN2_A
92,ADK,False,0.0,0,32,2RN2_A
93,DKK,False,0.0,0,32,2RN2_A
94,KKP,False,0.0,0,32,2RN2_A
95,KPV,False,93.75,30,32,2RN2_A
96,PVK,False,81.25,26,32,2RN2_A
97,VKN,False,3.125,1,32,2RN2_A
98,KNV,False,0.0,0,32,2RN2_A
99,NVD,False,0.0,0,32,2RN2_A
100,VDL,False,0.0,0,32,2RN2_A
101,DLW,False,0.0,0,32,2RN2_A
102,LWQ,False,0.0,0,32,2RN2_A
103,WQR,False,0.0,0,32,2RN2_A
104,QRL,False,0.0,0,32,2RN2_A
105,RLD,False,0.0,0,32,2RN2_A
106,LDA,False,0.0,0,32,2RN2_A
107,DAA,False,0.0,0,32,2RN2_A
108,AAL,False,0.0,0,32,2RN2_A
109,ALG,False,0.0,0,32,2RN2_A
110,LGQ,False,0.0,0,32,2RN2_A
111,GQH,False,0.0,0,32,2RN2_A
112,QHQ,False,0.0,0,32,2RN2_A
113,HQI,False,0.0,0,32,2RN2_A
114,QIK,False,0.0,0,32,2RN2_A
115,IKW,False,0.0,0,32,2RN2_A
116,KWE,False,0.0,0,32,2RN2_A
117,WEW,False,0.0,0,32,2RN2_A
118,EWV,False,0.0,0,32,2RN2_A
119,WVK,False,0.0,0,32,2RN2_A
120,VKG,False,0.0,0,32,2RN2_A
121,KGH,False,0.0,0,32,2RN2_A
122,GHA,False,0.0,0,32,2RN2_A
123,HAG,False,0.0,0,32,2RN2_A
124,AGH,False,0.0,0,32,2RN2_A
125,GHP,False,0.0,0,32,2RN2_A
126,HPE,False,0.0,0,32,2RN2_A
127,PEN,False,0.0,0,32,2RN2_A
128,ENE,False,0.0,0,32,2RN2_A
129,NER,False,0.0,0,32,2RN2_A
130,ERC,False,0.0,0,32,2RN2_A
131,RCD,False,0.0,0,32,2RN2_A
132,CDE,False,59.375,19,32,2RN2_A
133,DEL,False,59.375,19,32,2RN2_A
134,ELA,False,59.375,19,32,2RN2_A
135,LAR,False,0.0,0,32,2RN2_A
136,ARA,False,0.0,0,32,2RN2_A
137,RAA,False,0.0,0,32,2RN2_A
138,AAA,False,31.25,10,32,2RN2_A
139,AAM,False,0.0,0,32,2RN2_A
140,AMN,False,0.0,0,32,2RN2_A
141,MNP,False,0.0,0,32,2RN2_A
142,NPT,False,62.5,20,32,2RN2_A
143,PTL,False,0.0,0,32,2RN2_A
144,TLE,False,0.0,0,32,2RN2_A
145,LED,False,0.0,0,32,2RN2_A
146,EDT,False,3.125,1,32,2RN2_A
147,DTG,False,0.0,0,32,2RN2_A
148,TGY,False,0.0,0,32,2RN2_A
149,GYQ,False,0.0,0,32,2RN2_A
150,YQV,False,0.0,0,32,2RN2_A
151,QVE,False,0.0,0,32,2RN2_A
152,VEV,False,0.0,0,32,2RN2_A
0,DKT,False,0.0,0,32,1A8E_A
1,KTV,False,0.0,0,32,1A8E_A
2,TVR,False,43.75,14,32,1A8E_A
3,VRW,False,3.125,1,32,1A8E_A
4,RWC,False,0.0,0,32,1A8E_A
5,WCA,False,0.0,0,32,1A8E_A
6,CAV,False,15.625,5,32,1A8E_A
7,AVS,False,0.0,0,32,1A8E_A
8,VSE,False,0.0,0,32,1A8E_A
9,SEH,False,0.0,0,32,1A8E_A
10,EHE,False,0.0,0,32,1A8E_A
11,HEA,False,0.0,0,32,1A8E_A
12,EAT,False,0.0,0,32,1A8E_A
13,ATK,False,0.0,0,32,1A8E_A
14,TKC,False,0.0,0,32,1A8E_A
15,KCQ,False,0.0,0,32,1A8E_A
16,CQS,False,0.0,0,32,1A8E_A
17,QSF,False,0.0,0,32,1A8E_A
18,SFR,False,0.0,0,32,1A8E_A
19,FRD,False,0.0,0,32,1A8E_A
20,RDH,False,0.0,0,32,1A8E_A
21,DHM,False,0.0,0,32,1A8E_A
22,HMK,False,0.0,0,32,1A8E_A
23,MKS,False,0.0,0,32,1A8E_A
24,KSV,False,0.0,0,32,1A8E_A
25,SVI,False,0.0,0,32,1A8E_A
26,VIP,False,0.0,0,32,1A8E_A
27,IPS,False,0.0,0,32,1A8E_A
28,PSD,False,0.0,0,32,1A8E_A
29,SDG,False,0.0,0,32,1A8E_A
30,DGP,False,3.125,1,32,1A8E_A
31,GPS,False,0.0,0,32,1A8E_A
32,PSV,False,0.0,0,32,1A8E_A
33,SVA,False,0.0,0,32,1A8E_A
34,VAC,False,0.0,0,32,1A8E_A
35,ACV,False,0.0,0,32,1A8E_A
36,CVK,False,0.0,0,32,1A8E_A
37,VKK,False,0.0,0,32,1A8E_A
38,KKA,False,0.0,0,32,1A8E_A
39,KAS,False,0.0,0,32,1A8E_A
40,ASY,False,0.0,0,32,1A8E_A
41,SYL,False,0.0,0,32,1A8E_A
42,YLD,False,0.0,0,32,1A8E_A
43,LDC,False,0.0,0,32,1A8E_A
44,DCI,False,0.0,0,32,1A8E_A
45,CIR,False,0.0,0,32,1A8E_A
46,IRA,False,3.125,1,32,1A8E_A
47,RAI,False,6.25,2,32,1A8E_A
48,AIA,False,96.875,31,32,1A8E_A
49,IAA,False,3.125,1,32,1A8E_A
50,AAN,False,0.0,0,32,1A8E_A
51,ANE,False,0.0,0,32,1A8E_A
52,NEA,False,0.0,0,32,1A8E_A
53,EAD,False,50.0,16,32,1A8E_A
54,ADA,False,75.0,24,32,1A8E_A
55,DAV,False,40.625,13,32,1A8E_A
56,AVT,False,0.0,0,32,1A8E_A
57,VTL,False,0.0,0,32,1A8E_A
58,TLD,False,0.0,0,32,1A8E_A
59,LDA,False,0.0,0,32,1A8E_A
60,DAG,False,0.0,0,32,1A8E_A
61,AGL,False,0.0,0,32,1A8E_A
62,GLV,False,40.625,13,32,1A8E_A
63,LVY,False,37.5,12,32,1A8E_A
64,VYD,False,0.0,0,32,1A8E_A
65,YDA,False,0.0,0,32,1A8E_A
66,DAY,False,0.0,0,32,1A8E_A
67,AYL,False,0.0,0,32,1A8E_A
68,YLA,False,0.0,0,32,1A8E_A
69,LAP,False,0.0,0,32,1A8E_A
70,APN,False,0.0,0,32,1A8E_A
71,PNN,False,0.0,0,32,1A8E_A
72,NNL,False,0.0,0,32,1A8E_A
73,NLK,False,0.0,0,32,1A8E_A
74,LKP,False,0.0,0,32,1A8E_A
75,KPV,False,0.0,0,32,1A8E_A
76,PVV,False,100.0,32,32,1A8E_A
77,VVA,False,40.625,13,32,1A8E_A
78,VAE,False,18.75,6,32,1A8E_A
79,AEF,False,0.0,0,32,1A8E_A
80,EFY,False,0.0,0,32,1A8E_A
81,FYG,False,0.0,0,32,1A8E_A
82,YGS,False,100.0,32,32,1A8E_A
83,GSK,False,18.75,6,32,1A8E_A
84,SKE,False,18.75,6,32,1A8E_A
85,KED,False,0.0,0,32,1A8E_A
86,EDP,False,0.0,0,32,1A8E_A
87,DPQ,False,0.0,0,32,1A8E_A
88,PQT,False,0.0,0,32,1A8E_A
89,QTF,False,0.0,0,32,1A8E_A
90,TFY,False,0.0,0,32,1A8E_A
91,FYY,False,0.0,0,32,1A8E_A
92,YYA,False,0.0,0,32,1A8E_A
93,YAV,False,0.0,0,32,1A8E_A
94,AVA,False,3.125,1,32,1A8E_A
95,VAV,False,6.25,2,32,1A8E_A
96,AVV,False,6.25,2,32,1A8E_A
97,VVK,False,78.125,25,32,1A8E_A
98,VKK,False,81.25,26,32,1A8E_A
99,KKD,False,71.875,23,32,1A8E_A
100,KDS,False,25.0,8,32,1A8E_A
101,DSG,False,25.0,8,32,1A8E_A
102,SGF,False,31.25,10,32,1A8E_A
103,GFQ,False,0.0,0,32,1A8E_A
104,FQM,False,0.0,0,32,1A8E_A
105,QMN,False,0.0,0,32,1A8E_A
106,MNQ,False,0.0,0,32,1A8E_A
107,NQL,False,0.0,0,32,1A8E_A
108,QLR,False,0.0,0,32,1A8E_A
109,LRG,False,0.0,0,32,1A8E_A
110,RGK,False,0.0,0,32,1A8E_A
111,GKK,False,84.375,27,32,1A8E_A
112,KKS,False,0.0,0,32,1A8E_A
113,KSC,False,0.0,0,32,1A8E_A
114,SCH,False,0.0,0,32,1A8E_A
115,CHT,False,0.0,0,32,1A8E_A
116,HTG,False,0.0,0,32,1A8E_A
117,TGL,False,0.0,0,32,1A8E_A
118,GLG,False,0.0,0,32,1A8E_A
119,LGR,False,0.0,0,32,1A8E_A
120,GRS,False,0.0,0,32,1A8E_A
121,RSA,False,0.0,0,32,1A8E_A
122,SAG,False,9.375,3,32,1A8E_A
123,AGW,False,9.375,3,32,1A8E_A
124,GWN,False,0.0,0,32,1A8E_A
125,WNI,False,0.0,0,32,1A8E_A
126,NIP,False,0.0,0,32,1A8E_A
127,IPI,False,0.0,0,32,1A8E_A
128,PIG,False,0.0,0,32,1A8E_A
129,IGL,False,0.0,0,32,1A8E_A
130,GLL,False,0.0,0,32,1A8E_A
131,LLY,False,3.125,1,32,1A8E_A
132,LYC,False,0.0,0,32,1A8E_A
133,YCD,False,0.0,0,32,1A8E_A
134,CDL,False,0.0,0,32,1A8E_A
135,DLP,False,9.375,3,32,1A8E_A
136,LPE,False,100.0,32,32,1A8E_A
137,PEP,False,100.0,32,32,1A8E_A
138,EPR,False,75.0,24,32,1A8E_A
139,PRK,False,75.0,24,32,1A8E_A
140,RKP,False,75.0,24,32,1A8E_A
141,KPL,False,87.5,28,32,1A8E_A
142,PLE,False,65.625,21,32,1A8E_A
143,LEK,False,25.0,8,32,1A8E_A
144,EKA,False,37.5,12,32,1A8E_A
145,KAV,False,12.5,4,32,1A8E_A
146,AVA,False,18.75,6,32,1A8E_A
147,VAN,False,3.125,1,32,1A8E_A
148,ANF,False,3.125,1,32,1A8E_A
149,NFF,False,3.125,1,32,1A8E_A
150,FFS,False,0.0,0,32,1A8E_A
151,FSG,False,0.0,0,32,1A8E_A
152,SGS,False,0.0,0,32,1A8E_A
153,GSC,False,0.0,0,32,1A8E_A
154,SCA,False,0.0,0,32,1A8E_A
155,CAP,False,0.0,0,32,1A8E_A
156,APC,False,0.0,0,32,1A8E_A
157,PCA,False,0.0,0,32,1A8E_A
158,CAD,False,0.0,0,32,1A8E_A
159,ADG,False,0.0,0,32,1A8E_A
160,DGT,False,0.0,0,32,1A8E_A
161,GTD,False,0.0,0,32,1A8E_A
162,TDF,False,0.0,0,32,1A8E_A
163,DFP,False,0.0,0,32,1A8E_A
164,FPQ,False,0.0,0,32,1A8E_A
165,PQL,False,0.0,0,32,1A8E_A
166,QLC,False,0.0,0,32,1A8E_A
167,LCQ,False,0.0,0,32,1A8E_A
168,CQL,False,0.0,0,32,1A8E_A
169,QLC,False,0.0,0,32,1A8E_A
170,LCP,False,0.0,0,32,1A8E_A
171,CPG,False,0.0,0,32,1A8E_A
172,PGC,False,100.0,32,32,1A8E_A
173,GCG,False,9.375,3,32,1A8E_A
174,CGC,False,0.0,0,32,1A8E_A
175,GCS,False,0.0,0,32,1A8E_A
176,CST,False,0.0,0,32,1A8E_A
177,STL,False,0.0,0,32,1A8E_A
178,TLN,False,0.0,0,32,1A8E_A
179,LNQ,False,0.0,0,32,1A8E_A
180,NQY,False,0.0,0,32,1A8E_A
181,QYF,False,0.0,0,32,1A8E_A
182,YFG,False,0.0,0,32,1A8E_A
183,FGY,False,0.0,0,32,1A8E_A
184,GYS,False,0.0,0,32,1A8E_A
185,YSG,False,0.0,0,32,1A8E_A
186,SGA,False,0.0,0,32,1A8E_A
187,GAF,False,34.375,11,32,1A8E_A
188,AFK,False,25.0,8,32,1A8E_A
189,FKC,False,0.0,0,32,1A8E_A
190,KCL,False,0.0,0,32,1A8E_A
191,CLK,False,0.0,0,32,1A8E_A
192,LKD,False,18.75,6,32,1A8E_A
193,KDG,False,18.75,6,32,1A8E_A
194,DGA,False,0.0,0,32,1A8E_A
195,GAG,False,0.0,0,32,1A8E_A
196,AGD,False,0.0,0,32,1A8E_A
197,GDV,False,0.0,0,32,1A8E_A
198,DVA,False,90.625,29,32,1A8E_A
199,VAF,False,34.375,11,32,1A8E_A
200,AFV,False,31.25,10,32,1A8E_A
201,FVK,False,0.0,0,32,1A8E_A
202,VKH,False,0.0,0,32,1A8E_A
203,KHS,False,0.0,0,32,1A8E_A
204,HST,False,0.0,0,32,1A8E_A
205,STI,False,0.0,0,32,1A8E_A
206,TIF,False,0.0,0,32,1A8E_A
207,IFE,False,0.0,0,32,1A8E_A
208,FEN,False,0.0,0,32,1A8E_A
209,ENL,False,0.0,0,32,1A8E_A
210,NLA,False,0.0,0,32,1A8E_A
211,LAN,False,0.0,0,32,1A8E_A
212,ANK,False,0.0,0,32,1A8E_A
213,NKA,False,0.0,0,32,1A8E_A
214,KAD,False,0.0,0,32,1A8E_A
215,ADR,False,0.0,0,32,1A8E_A
216,DRD,False,0.0,0,32,1A8E_A
217,RDQ,False,0.0,0,32,1A8E_A
218,DQY,False,0.0,0,32,1A8E_A
219,QYE,False,0.0,0,32,1A8E_A
220,YEL,False,40.625,13,32,1A8E_A
221,ELL,False,81.25,26,32,1A8E_A
222,LLC,False,100.0,32,32,1A8E_A
223,LCL,False,75.0,24,32,1A8E_A
224,CLD,False,75.0,24,32,1A8E_A
225,LDN,False,68.75,22,32,1A8E_A
226,DNT,False,93.75,30,32,1A8E_A
227,NTR,False,0.0,0,32,1A8E_A
228,TRK,False,0.0,0,32,1A8E_A
229,RKP,False,0.0,0,32,1A8E_A
230,KPV,False,3.125,1,32,1A8E_A
231,PVD,False,6.25,2,32,1A8E_A
232,VDE,False,0.0,0,32,1A8E_A
233,DEY,False,6.25,2,32,1A8E_A
234,EYK,False,6.25,2,32,1A8E_A
235,YKD,False,9.375,3,32,1A8E_A
236,KDC,False,9.375,3,32,1A8E_A
237,DCH,False,6.25,2,32,1A8E_A
238,CHL,False,90.625,29,32,1A8E_A
239,HLA,False,90.625,29,32,1A8E_A
240,LAQ,False,0.0,0,32,1A8E_A
241,AQV,False,0.0,0,32,1A8E_A
242,QVP,False,0.0,0,32,1A8E_A
243,VPS,False,9.375,3,32,1A8E_A
244,PSH,False,3.125,1,32,1A8E_A
245,SHT,False,0.0,0,32,1A8E_A
246,HTV,False,0.0,0,32,1A8E_A
247,TVV,False,0.0,0,32,1A8E_A
248,VVA,False,15.625,5,32,1A8E_A
249,VAR,False,25.0,8,32,1A8E_A
250,ARS,False,0.0,0,32,1A8E_A
251,RSM,False,0.0,0,32,1A8E_A
252,SMG,False,0.0,0,32,1A8E_A
253,MGG,False,0.0,0,32,1A8E_A
254,GGK,False,0.0,0,32,1A8E_A
255,GKE,False,40.625,13,32,1A8E_A
256,KED,False,15.625,5,32,1A8E_A
257,EDL,False,15.625,5,32,1A8E_A
258,DLI,False,18.75,6,32,1A8E_A
259,LIW,False,0.0,0,32,1A8E_A
260,IWE,False,0.0,0,32,1A8E_A
261,WEL,False,0.0,0,32,1A8E_A
262,ELL,False,100.0,32,32,1A8E_A
263,LLN,False,0.0,0,32,1A8E_A
264,LNQ,False,0.0,0,32,1A8E_A
265,NQA,False,0.0,0,32,1A8E_A
266,QAQ,False,0.0,0,32,1A8E_A
267,AQE,False,0.0,0,32,1A8E_A
268,QEH,False,0.0,0,32,1A8E_A
269,EHF,False,9.375,3,32,1A8E_A
270,HFG,False,25.0,8,32,1A8E_A
271,FGK,False,0.0,0,32,1A8E_A
272,GKD,False,0.0,0,32,1A8E_A
273,KDK,False,0.0,0,32,1A8E_A
274,DKS,False,0.0,0,32,1A8E_A
275,KSK,False,62.5,20,32,1A8E_A
276,SKE,False,50.0,16,32,1A8E_A
277,KEF,False,50.0,16,32,1A8E_A
278,EFQ,False,0.0,0,32,1A8E_A
279,FQL,False,0.0,0,32,1A8E_A
280,QLF,False,0.0,0,32,1A8E_A
281,LFS,False,81.25,26,32,1A8E_A
282,FSS,False,96.875,31,32,1A8E_A
283,SSP,False,68.75,22,32,1A8E_A
284,SPH,False,3.125,1,32,1A8E_A
285,PHG,False,3.125,1,32,1A8E_A
286,HGK,False,3.125,1,32,1A8E_A
287,GKD,False,37.5,12,32,1A8E_A
288,KDL,False,37.5,12,32,1A8E_A
289,DLL,False,100.0,32,32,1A8E_A
290,LLF,False,87.5,28,32,1A8E_A
291,LFK,False,0.0,0,32,1A8E_A
292,FKD,False,0.0,0,32,1A8E_A
293,KDS,False,0.0,0,32,1A8E_A
294,DSA,False,0.0,0,32,1A8E_A
295,SAH,False,0.0,0,32,1A8E_A
296,AHG,False,0.0,0,32,1A8E_A
297,HGF,False,0.0,0,32,1A8E_A
298,GFL,False,0.0,0,32,1A8E_A
299,FLK,False,0.0,0,32,1A8E_A
300,LKV,False,0.0,0,32,1A8E_A
301,KVP,False,37.5,12,32,1A8E_A
302,VPP,False,0.0,0,32,1A8E_A
303,PPR,False,0.0,0,32,1A8E_A
304,PRM,False,0.0,0,32,1A8E_A
305,RMD,False,0.0,0,32,1A8E_A
306,MDA,False,0.0,0,32,1A8E_A
307,DAK,False,0.0,0,32,1A8E_A
308,AKM,False,0.0,0,32,1A8E_A
309,KMY,False,0.0,0,32,1A8E_A
310,MYL,False,0.0,0,32,1A8E_A
311,YLG,False,75.0,24,32,1A8E_A
312,LGY,False,0.0,0,32,1A8E_A
313,GYE,False,0.0,0,32,1A8E_A
314,YEY,False,0.0,0,32,1A8E_A
315,EYV,False,0.0,0,32,1A8E_A
316,YVT,False,0.0,0,32,1A8E_A
317,VTA,False,0.0,0,32,1A8E_A
318,TAI,False,0.0,0,32,1A8E_A
319,AIR,False,0.0,0,32,1A8E_A
320,IRN,False,0.0,0,32,1A8E_A
321,RNL,False,0.0,0,32,1A8E_A
322,NLR,False,0.0,0,32,1A8E_A
323,LRE,False,6.25,2,32,1A8E_A
324,REG,False,6.25,2,32,1A8E_A
325,EGT,False,0.0,0,32,1A8E_A
326,GTC,False,0.0,0,32,1A8E_A
0,KVF,False,0.0,0,32,1BWI_A
1,VFG,False,0.0,0,32,1BWI_A
2,FGR,False,0.0,0,32,1BWI_A
3,GRC,False,0.0,0,32,1BWI_A
4,RCE,False,93.75,30,32,1BWI_A
5,CEL,False,100.0,32,32,1BWI_A
6,ELA,False,100.0,32,32,1BWI_A
7,LAA,False,0.0,0,32,1BWI_A
8,AAA,False,0.0,0,32,1BWI_A
9,AAM,False,0.0,0,32,1BWI_A
10,AMK,False,0.0,0,32,1BWI_A
11,MKR,False,0.0,0,32,1BWI_A
12,KRH,False,0.0,0,32,1BWI_A
13,RHG,False,0.0,0,32,1BWI_A
14,HGL,False,3.125,1,32,1BWI_A
15,GLD,False,53.125,17,32,1BWI_A
16,LDN,False,53.125,17,32,1BWI_A
17,DNY,False,93.75,30,32,1BWI_A
18,NYR,False,0.0,0,32,1BWI_A
19,YRG,False,0.0,0,32,1BWI_A
20,RGY,False,0.0,0,32,1BWI_A
21,GYS,False,0.0,0,32,1BWI_A
22,YSL,False,0.0,0,32,1BWI_A
23,SLG,False,0.0,0,32,1BWI_A
24,LGN,False,0.0,0,32,1BWI_A
25,GNW,False,0.0,0,32,1BWI_A
26,NWV,False,0.0,0,32,1BWI_A
27,WVC,False,0.0,0,32,1BWI_A
28,VCA,False,0.0,0,32,1BWI_A
29,CAA,False,0.0,0,32,1BWI_A
30,AAK,False,0.0,0,32,1BWI_A
31,AKF,False,0.0,0,32,1BWI_A
32,KFE,False,0.0,0,32,1BWI_A
33,FES,False,0.0,0,32,1BWI_A
34,ESN,False,40.625,13,32,1BWI_A
35,SNF,False,93.75,30,32,1BWI_A
36,NFN,False,0.0,0,32,1BWI_A
37,FNT,False,0.0,0,32,1BWI_A
38,NTQ,False,0.0,0,32,1BWI_A
39,TQA,False,0.0,0,32,1BWI_A
40,QAT,False,0.0,0,32,1BWI_A
41,ATN,False,0.0,0,32,1BWI_A
42,TNR,False,0.0,0,32,1BWI_A
43,NRN,False,0.0,0,32,1BWI_A
44,RNT,False,0.0,0,32,1BWI_A
45,NTD,False,0.0,0,32,1BWI_A
46,TDG,False,0.0,0,32,1BWI_A
47,DGS,False,100.0,32,32,1BWI_A
48,GST,False,62.5,20,32,1BWI_A
49,STD,False,0.0,0,32,1BWI_A
50,TDY,False,0.0,0,32,1BWI_A
51,DYG,False,0.0,0,32,1BWI_A
52,YGI,False,28.125,9,32,1BWI_A
53,GIL,False,0.0,0,32,1BWI_A
54,ILQ,False,0.0,0,32,1BWI_A
55,LQI,False,0.0,0,32,1BWI_A
56,QIN,False,31.25,10,32,1BWI_A
57,INS,False,6.25,2,32,1BWI_A
58,NSR,False,0.0,0,32,1BWI_A
59,SRW,False,0.0,0,32,1BWI_A
60,RWW,False,0.0,0,32,1BWI_A
61,WWC,False,0.0,0,32,1BWI_A
62,WCN,False,3.125,1,32,1BWI_A
63,CND,False,56.25,18,32,1BWI_A
64,NDG,False,56.25,18,32,1BWI_A
65,DGR,False,0.0,0,32,1BWI_A
66,GRT,False,0.0,0,32,1BWI_A
67,RTP,False,0.0,0,32,1BWI_A
68,TPG,False,6.25,2,32,1BWI_A
69,PGS,False,0.0,0,32,1BWI_A
70,GSR,False,0.0,0,32,1BWI_A
71,SRN,False,0.0,0,32,1BWI_A
72,RNL,False,0.0,0,32,1BWI_A
73,NLC,False,0.0,0,32,1BWI_A
74,LCN,False,0.0,0,32,1BWI_A
75,CNI,False,78.125,25,32,1BWI_A
76,NIP,False,3.125,1,32,1BWI_A
77,IPC,False,6.25,2,32,1BWI_A
78,PCS,False,9.375,3,32,1BWI_A
79,CSA,False,0.0,0,32,1BWI_A
80,SAL,False,0.0,0,32,1BWI_A
81,ALL,False,0.0,0,32,1BWI_A
82,LLS,False,50.0,16,32,1BWI_A
83,LSS,False,0.0,0,32,1BWI_A
84,SSD,False,0.0,0,32,1BWI_A
85,SDI,False,0.0,0,32,1BWI_A
86,DIT,False,18.75,6,32,1BWI_A
87,ITA,False,0.0,0,32,1BWI_A
88,TAS,False,0.0,0,32,1BWI_A
89,ASV,False,0.0,0,32,1BWI_A
90,SVN,False,0.0,0,32,1BWI_A
91,VNC,False,28.125,9,32,1BWI_A
92,NCA,False,0.0,0,32,1BWI_A
93,CAK,False,0.0,0,32,1BWI_A
94,AKK,False,0.0,0,32,1BWI_A
95,KKI,False,71.875,23,32,1BWI_A
96,KIV,False,6.25,2,32,1BWI_A
97,IVS,False,6.25,2,32,1BWI_A
98,VSD,False,0.0,0,32,1BWI_A
99,SDG,False,0.0,0,32,1BWI_A
100,DGN,False,0.0,0,32,1BWI_A
101,GNG,False,28.125,9,32,1BWI_A
102,NGM,False,9.375,3,32,1BWI_A
103,GMN,False,6.25,2,32,1BWI_A
104,MNA,False,0.0,0,32,1BWI_A
105,NAW,False,0.0,0,32,1BWI_A
106,AWV,False,0.0,0,32,1BWI_A
107,WVA,False,0.0,0,32,1BWI_A
108,VAW,False,0.0,0,32,1BWI_A
109,AWR,False,0.0,0,32,1BWI_A
110,WRN,False,0.0,0,32,1BWI_A
111,RNR,False,0.0,0,32,1BWI_A
112,NRC,False,0.0,0,32,1BWI_A
113,RCK,False,0.0,0,32,1BWI_A
114,CKG,False,84.375,27,32,1BWI_A
115,KGT,False,0.0,0,32,1BWI_A
116,GTD,False,0.0,0,32,1BWI_A
117,TDV,False,0.0,0,32,1BWI_A
118,DVQ,False,0.0,0,32,1BWI_A
119,VQA,False,0.0,0,32,1BWI_A
120,QAW,False,0.0,0,32,1BWI_A
121,AWI,False,0.0,0,32,1BWI_A
122,WIR,False,0.0,0,32,1BWI_A
123,IRG,False,0.0,0,32,1BWI_A
124,RGC,False,0.0,0,32,1BWI_A
125,GCR,False,0.0,0,32,1BWI_A
126,CRL,False,0.0,0,32,1BWI_A
